Austria ;"sptinc_p90p100_z_AT
Pre-tax national income 
Top 10% | share
";p90p100;2012;0.3119
Austria ;"sptinc_p90p100_z_AT
Pre-tax national income 
Top 10% | share
";p90p100;2013;0.314
Austria ;"sptinc_p90p100_z_AT
Pre-tax national income 
Top 10% | share
";p90p100;2014;0.3327
Austria ;"sptinc_p90p100_z_AT
Pre-tax national income 
Top 10% | share
";p90p100;2015;0.326
Austria ;"sptinc_p90p100_z_AT
Pre-tax national income 
Top 10% | share
";p90p100;2016;0.3347
Austria ;"sptinc_p90p100_z_AT
Pre-tax national income 
Top 10% | share
";p90p100;2017;0.3263
Austria ;"sptinc_p90p100_z_AT
Pre-tax national income 
Top 10% | share
";p90p100;2018;0.3264
Austria ;"sptinc_p90p100_z_AT
Pre-tax national income 
Top 10% | share
";p90p100;2019;0.3216
Austria ;"sptinc_p90p100_z_AT
Pre-tax national income 
Top 10% | share
";p90p100;2020;0.3437
Austria ;"sptinc_p90p100_z_AT
Pre-tax national income 
Top 10% | share
";p90p100;2021;0.3437
Austria ;"sptinc_p90p100_z_AT
Pre-tax national income 
Top 10% | share
";p90p100;2022;0.3437
Austria ;"sptinc_p90p100_z_AT
Pre-tax national income 
Top 10% | share
";p90p100;2023;0.3437
Austria ;"sptinc_p0p50_z_AT
Pre-tax national income 
Bottom 50% | share | adults | equal split
";p0p50;2012;0.2414
Austria ;"sptinc_p0p50_z_AT
Pre-tax national income 
Bottom 50% | share | adults | equal split
";p0p50;2013;0.2434
Austria ;"sptinc_p0p50_z_AT
Pre-tax national income 
Bottom 50% | share | adults | equal split
";p0p50;2014;0.236
Austria ;"sptinc_p0p50_z_AT
Pre-tax national income 
Bottom 50% | share | adults | equal split
";p0p50;2015;0.2362
Austria ;"sptinc_p0p50_z_AT
Pre-tax national income 
Bottom 50% | share | adults | equal split
";p0p50;2016;0.2342
Austria ;"sptinc_p0p50_z_AT
Pre-tax national income 
Bottom 50% | share | adults | equal split
";p0p50;2017;0.2416
Austria ;"sptinc_p0p50_z_AT
Pre-tax national income 
Bottom 50% | share | adults | equal split
";p0p50;2018;0.2392
Austria ;"sptinc_p0p50_z_AT
Pre-tax national income 
Bottom 50% | share | adults | equal split
";p0p50;2019;0.2439
Austria ;"sptinc_p0p50_z_AT
Pre-tax national income 
Bottom 50% | share | adults | equal split
";p0p50;2020;0.2367
Austria ;"sptinc_p0p50_z_AT
Pre-tax national income 
Bottom 50% | share | adults | equal split
";p0p50;2021;0.2367
Austria ;"sptinc_p0p50_z_AT
Pre-tax national income 
Bottom 50% | share | adults | equal split
";p0p50;2022;0.2367
Austria ;"sptinc_p0p50_z_AT
Pre-tax national income 
Bottom 50% | share | adults | equal split
";p0p50;2023;0.2367
Austria ;"sptinc_p99p100_z_AT
Pre-tax national income 
Top 1% | share
";p99p100;2012;0.0809
Austria ;"sptinc_p99p100_z_AT
Pre-tax national income 
Top 1% | share
";p99p100;2013;0.0876
Austria ;"sptinc_p99p100_z_AT
Pre-tax national income 
Top 1% | share
";p99p100;2014;0.1084
Austria ;"sptinc_p99p100_z_AT
Pre-tax national income 
Top 1% | share
";p99p100;2015;0.0995
Austria ;"sptinc_p99p100_z_AT
Pre-tax national income 
Top 1% | share
";p99p100;2016;0.1085
Austria ;"sptinc_p99p100_z_AT
Pre-tax national income 
Top 1% | share
";p99p100;2017;0.0966
Austria ;"sptinc_p99p100_z_AT
Pre-tax national income 
Top 1% | share
";p99p100;2018;0.0954
Austria ;"sptinc_p99p100_z_AT
Pre-tax national income 
Top 1% | share
";p99p100;2019;0.0925
Austria ;"sptinc_p99p100_z_AT
Pre-tax national income 
Top 1% | share
";p99p100;2020;0.1127
Austria ;"sptinc_p99p100_z_AT
Pre-tax national income 
Top 1% | share
";p99p100;2021;0.1127
Austria ;"sptinc_p99p100_z_AT
Pre-tax national income 
Top 1% | share
";p99p100;2022;0.1127
Austria ;"sptinc_p99p100_z_AT
Pre-tax national income 
Top 1% | share
";p99p100;2023;0.1127
Belgium ;"sptinc_p90p100_z_BE
Pre-tax national income 
Top 10% | share
";p90p100;2012;0.314
Belgium ;"sptinc_p90p100_z_BE
Pre-tax national income 
Top 10% | share
";p90p100;2013;0.315
Belgium ;"sptinc_p90p100_z_BE
Pre-tax national income 
Top 10% | share
";p90p100;2014;0.319
Belgium ;"sptinc_p90p100_z_BE
Pre-tax national income 
Top 10% | share
";p90p100;2015;0.3186
Belgium ;"sptinc_p90p100_z_BE
Pre-tax national income 
Top 10% | share
";p90p100;2016;0.3206
Belgium ;"sptinc_p90p100_z_BE
Pre-tax national income 
Top 10% | share
";p90p100;2017;0.3176
Belgium ;"sptinc_p90p100_z_BE
Pre-tax national income 
Top 10% | share
";p90p100;2018;0.3242
Belgium ;"sptinc_p90p100_z_BE
Pre-tax national income 
Top 10% | share
";p90p100;2019;0.3249
Belgium ;"sptinc_p90p100_z_BE
Pre-tax national income 
Top 10% | share
";p90p100;2020;0.3232
Belgium ;"sptinc_p90p100_z_BE
Pre-tax national income 
Top 10% | share
";p90p100;2021;0.3232
Belgium ;"sptinc_p90p100_z_BE
Pre-tax national income 
Top 10% | share
";p90p100;2022;0.3232
Belgium ;"sptinc_p90p100_z_BE
Pre-tax national income 
Top 10% | share
";p90p100;2023;0.3232
Belgium ;"sptinc_p0p50_z_BE
Pre-tax national income 
Bottom 50% | share | adults | equal split
";p0p50;2012;0.2115
Belgium ;"sptinc_p0p50_z_BE
Pre-tax national income 
Bottom 50% | share | adults | equal split
";p0p50;2013;0.2144
Belgium ;"sptinc_p0p50_z_BE
Pre-tax national income 
Bottom 50% | share | adults | equal split
";p0p50;2014;0.2096
Belgium ;"sptinc_p0p50_z_BE
Pre-tax national income 
Bottom 50% | share | adults | equal split
";p0p50;2015;0.2095
Belgium ;"sptinc_p0p50_z_BE
Pre-tax national income 
Bottom 50% | share | adults | equal split
";p0p50;2016;0.2131
Belgium ;"sptinc_p0p50_z_BE
Pre-tax national income 
Bottom 50% | share | adults | equal split
";p0p50;2017;0.2139
Belgium ;"sptinc_p0p50_z_BE
Pre-tax national income 
Bottom 50% | share | adults | equal split
";p0p50;2018;0.2145
Belgium ;"sptinc_p0p50_z_BE
Pre-tax national income 
Bottom 50% | share | adults | equal split
";p0p50;2019;0.2139
Belgium ;"sptinc_p0p50_z_BE
Pre-tax national income 
Bottom 50% | share | adults | equal split
";p0p50;2020;0.2151
Belgium ;"sptinc_p0p50_z_BE
Pre-tax national income 
Bottom 50% | share | adults | equal split
";p0p50;2021;0.2151
Belgium ;"sptinc_p0p50_z_BE
Pre-tax national income 
Bottom 50% | share | adults | equal split
";p0p50;2022;0.2151
Belgium ;"sptinc_p0p50_z_BE
Pre-tax national income 
Bottom 50% | share | adults | equal split
";p0p50;2023;0.2151
Belgium ;"sptinc_p99p100_z_BE
Pre-tax national income 
Top 1% | share
";p99p100;2012;0.0819
Belgium ;"sptinc_p99p100_z_BE
Pre-tax national income 
Top 1% | share
";p99p100;2013;0.0817
Belgium ;"sptinc_p99p100_z_BE
Pre-tax national income 
Top 1% | share
";p99p100;2014;0.0836
Belgium ;"sptinc_p99p100_z_BE
Pre-tax national income 
Top 1% | share
";p99p100;2015;0.0849
Belgium ;"sptinc_p99p100_z_BE
Pre-tax national income 
Top 1% | share
";p99p100;2016;0.0864
Belgium ;"sptinc_p99p100_z_BE
Pre-tax national income 
Top 1% | share
";p99p100;2017;0.085
Belgium ;"sptinc_p99p100_z_BE
Pre-tax national income 
Top 1% | share
";p99p100;2018;0.0849
Belgium ;"sptinc_p99p100_z_BE
Pre-tax national income 
Top 1% | share
";p99p100;2019;0.0853
Belgium ;"sptinc_p99p100_z_BE
Pre-tax national income 
Top 1% | share
";p99p100;2020;0.0839
Belgium ;"sptinc_p99p100_z_BE
Pre-tax national income 
Top 1% | share
";p99p100;2021;0.0839
Belgium ;"sptinc_p99p100_z_BE
Pre-tax national income 
Top 1% | share
";p99p100;2022;0.0839
Belgium ;"sptinc_p99p100_z_BE
Pre-tax national income 
Top 1% | share
";p99p100;2023;0.0839
Bulgaria ;"sptinc_p90p100_z_BG
Pre-tax national income 
Top 10% | share
";p90p100;2012;0.3844
Bulgaria ;"sptinc_p90p100_z_BG
Pre-tax national income 
Top 10% | share
";p90p100;2013;0.3681
Bulgaria ;"sptinc_p90p100_z_BG
Pre-tax national income 
Top 10% | share
";p90p100;2014;0.3851
Bulgaria ;"sptinc_p90p100_z_BG
Pre-tax national income 
Top 10% | share
";p90p100;2015;0.3954
Bulgaria ;"sptinc_p90p100_z_BG
Pre-tax national income 
Top 10% | share
";p90p100;2016;0.4207
Bulgaria ;"sptinc_p90p100_z_BG
Pre-tax national income 
Top 10% | share
";p90p100;2017;0.4427
Bulgaria ;"sptinc_p90p100_z_BG
Pre-tax national income 
Top 10% | share
";p90p100;2018;0.4398
Bulgaria ;"sptinc_p90p100_z_BG
Pre-tax national income 
Top 10% | share
";p90p100;2019;0.4387
Bulgaria ;"sptinc_p90p100_z_BG
Pre-tax national income 
Top 10% | share
";p90p100;2020;0.4382
Bulgaria ;"sptinc_p90p100_z_BG
Pre-tax national income 
Top 10% | share
";p90p100;2021;0.412
Bulgaria ;"sptinc_p90p100_z_BG
Pre-tax national income 
Top 10% | share
";p90p100;2022;0.4125
Bulgaria ;"sptinc_p90p100_z_BG
Pre-tax national income 
Top 10% | share
";p90p100;2023;0.4124
Bulgaria ;"sptinc_p0p50_z_BG
Pre-tax national income 
Bottom 50% | share | adults | equal split
";p0p50;2012;0.1865
Bulgaria ;"sptinc_p0p50_z_BG
Pre-tax national income 
Bottom 50% | share | adults | equal split
";p0p50;2013;0.1997
Bulgaria ;"sptinc_p0p50_z_BG
Pre-tax national income 
Bottom 50% | share | adults | equal split
";p0p50;2014;0.1888
Bulgaria ;"sptinc_p0p50_z_BG
Pre-tax national income 
Bottom 50% | share | adults | equal split
";p0p50;2015;0.1846
Bulgaria ;"sptinc_p0p50_z_BG
Pre-tax national income 
Bottom 50% | share | adults | equal split
";p0p50;2016;0.1752
Bulgaria ;"sptinc_p0p50_z_BG
Pre-tax national income 
Bottom 50% | share | adults | equal split
";p0p50;2017;0.1707
Bulgaria ;"sptinc_p0p50_z_BG
Pre-tax national income 
Bottom 50% | share | adults | equal split
";p0p50;2018;0.1736
Bulgaria ;"sptinc_p0p50_z_BG
Pre-tax national income 
Bottom 50% | share | adults | equal split
";p0p50;2019;0.1738
Bulgaria ;"sptinc_p0p50_z_BG
Pre-tax national income 
Bottom 50% | share | adults | equal split
";p0p50;2020;0.1739
Bulgaria ;"sptinc_p0p50_z_BG
Pre-tax national income 
Bottom 50% | share | adults | equal split
";p0p50;2021;0.1838
Bulgaria ;"sptinc_p0p50_z_BG
Pre-tax national income 
Bottom 50% | share | adults | equal split
";p0p50;2022;0.1836
Bulgaria ;"sptinc_p0p50_z_BG
Pre-tax national income 
Bottom 50% | share | adults | equal split
";p0p50;2023;0.1836
Bulgaria ;"sptinc_p99p100_z_BG
Pre-tax national income 
Top 1% | share
";p99p100;2012;0.1504
Bulgaria ;"sptinc_p99p100_z_BG
Pre-tax national income 
Top 1% | share
";p99p100;2013;0.1356
Bulgaria ;"sptinc_p99p100_z_BG
Pre-tax national income 
Top 1% | share
";p99p100;2014;0.1467
Bulgaria ;"sptinc_p99p100_z_BG
Pre-tax national income 
Top 1% | share
";p99p100;2015;0.1499
Bulgaria ;"sptinc_p99p100_z_BG
Pre-tax national income 
Top 1% | share
";p99p100;2016;0.1733
Bulgaria ;"sptinc_p99p100_z_BG
Pre-tax national income 
Top 1% | share
";p99p100;2017;0.198
Bulgaria ;"sptinc_p99p100_z_BG
Pre-tax national income 
Top 1% | share
";p99p100;2018;0.1917
Bulgaria ;"sptinc_p99p100_z_BG
Pre-tax national income 
Top 1% | share
";p99p100;2019;0.1893
Bulgaria ;"sptinc_p99p100_z_BG
Pre-tax national income 
Top 1% | share
";p99p100;2020;0.1889
Bulgaria ;"sptinc_p99p100_z_BG
Pre-tax national income 
Top 1% | share
";p99p100;2021;0.1656
Bulgaria ;"sptinc_p99p100_z_BG
Pre-tax national income 
Top 1% | share
";p99p100;2022;0.1661
Bulgaria ;"sptinc_p99p100_z_BG
Pre-tax national income 
Top 1% | share
";p99p100;2023;0.166
Croatia ;"sptinc_p90p100_z_HR
Pre-tax national income 
Top 10% | share
";p90p100;2012;0.3285
Croatia ;"sptinc_p90p100_z_HR
Pre-tax national income 
Top 10% | share
";p90p100;2013;0.3292
Croatia ;"sptinc_p90p100_z_HR
Pre-tax national income 
Top 10% | share
";p90p100;2014;0.3337
Croatia ;"sptinc_p90p100_z_HR
Pre-tax national income 
Top 10% | share
";p90p100;2015;0.3325
Croatia ;"sptinc_p90p100_z_HR
Pre-tax national income 
Top 10% | share
";p90p100;2016;0.3235
Croatia ;"sptinc_p90p100_z_HR
Pre-tax national income 
Top 10% | share
";p90p100;2017;0.3219
Croatia ;"sptinc_p90p100_z_HR
Pre-tax national income 
Top 10% | share
";p90p100;2018;0.3356
Croatia ;"sptinc_p90p100_z_HR
Pre-tax national income 
Top 10% | share
";p90p100;2019;0.335
Croatia ;"sptinc_p90p100_z_HR
Pre-tax national income 
Top 10% | share
";p90p100;2020;0.335
Croatia ;"sptinc_p90p100_z_HR
Pre-tax national income 
Top 10% | share
";p90p100;2021;0.335
Croatia ;"sptinc_p90p100_z_HR
Pre-tax national income 
Top 10% | share
";p90p100;2022;0.335
Croatia ;"sptinc_p90p100_z_HR
Pre-tax national income 
Top 10% | share
";p90p100;2023;0.335
Croatia ;"sptinc_p0p50_z_HR
Pre-tax national income 
Bottom 50% | share | adults | equal split
";p0p50;2012;0.1939
Croatia ;"sptinc_p0p50_z_HR
Pre-tax national income 
Bottom 50% | share | adults | equal split
";p0p50;2013;0.2016
Croatia ;"sptinc_p0p50_z_HR
Pre-tax national income 
Bottom 50% | share | adults | equal split
";p0p50;2014;0.197
Croatia ;"sptinc_p0p50_z_HR
Pre-tax national income 
Bottom 50% | share | adults | equal split
";p0p50;2015;0.1982
Croatia ;"sptinc_p0p50_z_HR
Pre-tax national income 
Bottom 50% | share | adults | equal split
";p0p50;2016;0.2016
Croatia ;"sptinc_p0p50_z_HR
Pre-tax national income 
Bottom 50% | share | adults | equal split
";p0p50;2017;0.199
Croatia ;"sptinc_p0p50_z_HR
Pre-tax national income 
Bottom 50% | share | adults | equal split
";p0p50;2018;0.2016
Croatia ;"sptinc_p0p50_z_HR
Pre-tax national income 
Bottom 50% | share | adults | equal split
";p0p50;2019;0.2017
Croatia ;"sptinc_p0p50_z_HR
Pre-tax national income 
Bottom 50% | share | adults | equal split
";p0p50;2020;0.2019
Croatia ;"sptinc_p0p50_z_HR
Pre-tax national income 
Bottom 50% | share | adults | equal split
";p0p50;2021;0.2019
Croatia ;"sptinc_p0p50_z_HR
Pre-tax national income 
Bottom 50% | share | adults | equal split
";p0p50;2022;0.2019
Croatia ;"sptinc_p0p50_z_HR
Pre-tax national income 
Bottom 50% | share | adults | equal split
";p0p50;2023;0.2019
Croatia ;"sptinc_p99p100_z_HR
Pre-tax national income 
Top 1% | share
";p99p100;2012;0.0878
Croatia ;"sptinc_p99p100_z_HR
Pre-tax national income 
Top 1% | share
";p99p100;2013;0.0925
Croatia ;"sptinc_p99p100_z_HR
Pre-tax national income 
Top 1% | share
";p99p100;2014;0.0942
Croatia ;"sptinc_p99p100_z_HR
Pre-tax national income 
Top 1% | share
";p99p100;2015;0.0977
Croatia ;"sptinc_p99p100_z_HR
Pre-tax national income 
Top 1% | share
";p99p100;2016;0.0889
Croatia ;"sptinc_p99p100_z_HR
Pre-tax national income 
Top 1% | share
";p99p100;2017;0.0919
Croatia ;"sptinc_p99p100_z_HR
Pre-tax national income 
Top 1% | share
";p99p100;2018;0.0903
Croatia ;"sptinc_p99p100_z_HR
Pre-tax national income 
Top 1% | share
";p99p100;2019;0.0895
Croatia ;"sptinc_p99p100_z_HR
Pre-tax national income 
Top 1% | share
";p99p100;2020;0.0897
Croatia ;"sptinc_p99p100_z_HR
Pre-tax national income 
Top 1% | share
";p99p100;2021;0.0897
Croatia ;"sptinc_p99p100_z_HR
Pre-tax national income 
Top 1% | share
";p99p100;2022;0.0897
Croatia ;"sptinc_p99p100_z_HR
Pre-tax national income 
Top 1% | share
";p99p100;2023;0.0897
Czech Republic ;"sptinc_p90p100_z_CZ
Pre-tax national income 
Top 10% | share
";p90p100;2012;0.2897
Czech Republic ;"sptinc_p90p100_z_CZ
Pre-tax national income 
Top 10% | share
";p90p100;2013;0.2923
Czech Republic ;"sptinc_p90p100_z_CZ
Pre-tax national income 
Top 10% | share
";p90p100;2014;0.2905
Czech Republic ;"sptinc_p90p100_z_CZ
Pre-tax national income 
Top 10% | share
";p90p100;2015;0.2927
Czech Republic ;"sptinc_p90p100_z_CZ
Pre-tax national income 
Top 10% | share
";p90p100;2016;0.2806
Czech Republic ;"sptinc_p90p100_z_CZ
Pre-tax national income 
Top 10% | share
";p90p100;2017;0.2795
Czech Republic ;"sptinc_p90p100_z_CZ
Pre-tax national income 
Top 10% | share
";p90p100;2018;0.2737
Czech Republic ;"sptinc_p90p100_z_CZ
Pre-tax national income 
Top 10% | share
";p90p100;2019;0.2764
Czech Republic ;"sptinc_p90p100_z_CZ
Pre-tax national income 
Top 10% | share
";p90p100;2020;0.2716
Czech Republic ;"sptinc_p90p100_z_CZ
Pre-tax national income 
Top 10% | share
";p90p100;2021;0.2716
Czech Republic ;"sptinc_p90p100_z_CZ
Pre-tax national income 
Top 10% | share
";p90p100;2022;0.2716
Czech Republic ;"sptinc_p90p100_z_CZ
Pre-tax national income 
Top 10% | share
";p90p100;2023;0.2716
Czech Republic ;"sptinc_p0p50_z_CZ
Pre-tax national income 
Bottom 50% | share | adults | equal split
";p0p50;2012;0.2775
Czech Republic ;"sptinc_p0p50_z_CZ
Pre-tax national income 
Bottom 50% | share | adults | equal split
";p0p50;2013;0.2642
Czech Republic ;"sptinc_p0p50_z_CZ
Pre-tax national income 
Bottom 50% | share | adults | equal split
";p0p50;2014;0.2743
Czech Republic ;"sptinc_p0p50_z_CZ
Pre-tax national income 
Bottom 50% | share | adults | equal split
";p0p50;2015;0.2711
Czech Republic ;"sptinc_p0p50_z_CZ
Pre-tax national income 
Bottom 50% | share | adults | equal split
";p0p50;2016;0.2858
Czech Republic ;"sptinc_p0p50_z_CZ
Pre-tax national income 
Bottom 50% | share | adults | equal split
";p0p50;2017;0.2831
Czech Republic ;"sptinc_p0p50_z_CZ
Pre-tax national income 
Bottom 50% | share | adults | equal split
";p0p50;2018;0.2842
Czech Republic ;"sptinc_p0p50_z_CZ
Pre-tax national income 
Bottom 50% | share | adults | equal split
";p0p50;2019;0.2834
Czech Republic ;"sptinc_p0p50_z_CZ
Pre-tax national income 
Bottom 50% | share | adults | equal split
";p0p50;2020;0.286
Czech Republic ;"sptinc_p0p50_z_CZ
Pre-tax national income 
Bottom 50% | share | adults | equal split
";p0p50;2021;0.286
Czech Republic ;"sptinc_p0p50_z_CZ
Pre-tax national income 
Bottom 50% | share | adults | equal split
";p0p50;2022;0.286
Czech Republic ;"sptinc_p0p50_z_CZ
Pre-tax national income 
Bottom 50% | share | adults | equal split
";p0p50;2023;0.286
Czech Republic ;"sptinc_p99p100_z_CZ
Pre-tax national income 
Top 1% | share
";p99p100;2012;0.1047
Czech Republic ;"sptinc_p99p100_z_CZ
Pre-tax national income 
Top 1% | share
";p99p100;2013;0.101
Czech Republic ;"sptinc_p99p100_z_CZ
Pre-tax national income 
Top 1% | share
";p99p100;2014;0.1003
Czech Republic ;"sptinc_p99p100_z_CZ
Pre-tax national income 
Top 1% | share
";p99p100;2015;0.1048
Czech Republic ;"sptinc_p99p100_z_CZ
Pre-tax national income 
Top 1% | share
";p99p100;2016;0.099
Czech Republic ;"sptinc_p99p100_z_CZ
Pre-tax national income 
Top 1% | share
";p99p100;2017;0.0994
Czech Republic ;"sptinc_p99p100_z_CZ
Pre-tax national income 
Top 1% | share
";p99p100;2018;0.0953
Czech Republic ;"sptinc_p99p100_z_CZ
Pre-tax national income 
Top 1% | share
";p99p100;2019;0.0974
Czech Republic ;"sptinc_p99p100_z_CZ
Pre-tax national income 
Top 1% | share
";p99p100;2020;0.0936
Czech Republic ;"sptinc_p99p100_z_CZ
Pre-tax national income 
Top 1% | share
";p99p100;2021;0.0936
Czech Republic ;"sptinc_p99p100_z_CZ
Pre-tax national income 
Top 1% | share
";p99p100;2022;0.0936
Czech Republic ;"sptinc_p99p100_z_CZ
Pre-tax national income 
Top 1% | share
";p99p100;2023;0.0936
Denmark ;"sptinc_p90p100_z_DK
Pre-tax national income 
Top 10% | share
";p90p100;2012;0.3171
Denmark ;"sptinc_p90p100_z_DK
Pre-tax national income 
Top 10% | share
";p90p100;2013;0.329
Denmark ;"sptinc_p90p100_z_DK
Pre-tax national income 
Top 10% | share
";p90p100;2014;0.3338
Denmark ;"sptinc_p90p100_z_DK
Pre-tax national income 
Top 10% | share
";p90p100;2015;0.3265
Denmark ;"sptinc_p90p100_z_DK
Pre-tax national income 
Top 10% | share
";p90p100;2016;0.3306
Denmark ;"sptinc_p90p100_z_DK
Pre-tax national income 
Top 10% | share
";p90p100;2017;0.3299
Denmark ;"sptinc_p90p100_z_DK
Pre-tax national income 
Top 10% | share
";p90p100;2018;0.3266
Denmark ;"sptinc_p90p100_z_DK
Pre-tax national income 
Top 10% | share
";p90p100;2019;0.3113
Denmark ;"sptinc_p90p100_z_DK
Pre-tax national income 
Top 10% | share
";p90p100;2020;0.3237
Denmark ;"sptinc_p90p100_z_DK
Pre-tax national income 
Top 10% | share
";p90p100;2021;0.3237
Denmark ;"sptinc_p90p100_z_DK
Pre-tax national income 
Top 10% | share
";p90p100;2022;0.3237
Denmark ;"sptinc_p90p100_z_DK
Pre-tax national income 
Top 10% | share
";p90p100;2023;0.3237
Denmark ;"sptinc_p0p50_z_DK
Pre-tax national income 
Bottom 50% | share | adults | equal split
";p0p50;2012;0.2279
Denmark ;"sptinc_p0p50_z_DK
Pre-tax national income 
Bottom 50% | share | adults | equal split
";p0p50;2013;0.2214
Denmark ;"sptinc_p0p50_z_DK
Pre-tax national income 
Bottom 50% | share | adults | equal split
";p0p50;2014;0.2203
Denmark ;"sptinc_p0p50_z_DK
Pre-tax national income 
Bottom 50% | share | adults | equal split
";p0p50;2015;0.222
Denmark ;"sptinc_p0p50_z_DK
Pre-tax national income 
Bottom 50% | share | adults | equal split
";p0p50;2016;0.2201
Denmark ;"sptinc_p0p50_z_DK
Pre-tax national income 
Bottom 50% | share | adults | equal split
";p0p50;2017;0.219
Denmark ;"sptinc_p0p50_z_DK
Pre-tax national income 
Bottom 50% | share | adults | equal split
";p0p50;2018;0.2185
Denmark ;"sptinc_p0p50_z_DK
Pre-tax national income 
Bottom 50% | share | adults | equal split
";p0p50;2019;0.2356
Denmark ;"sptinc_p0p50_z_DK
Pre-tax national income 
Bottom 50% | share | adults | equal split
";p0p50;2020;0.2308
Denmark ;"sptinc_p0p50_z_DK
Pre-tax national income 
Bottom 50% | share | adults | equal split
";p0p50;2021;0.2308
Denmark ;"sptinc_p0p50_z_DK
Pre-tax national income 
Bottom 50% | share | adults | equal split
";p0p50;2022;0.2308
Denmark ;"sptinc_p0p50_z_DK
Pre-tax national income 
Bottom 50% | share | adults | equal split
";p0p50;2023;0.2308
Denmark ;"sptinc_p99p100_z_DK
Pre-tax national income 
Top 1% | share
";p99p100;2012;0.1169
Denmark ;"sptinc_p99p100_z_DK
Pre-tax national income 
Top 1% | share
";p99p100;2013;0.1235
Denmark ;"sptinc_p99p100_z_DK
Pre-tax national income 
Top 1% | share
";p99p100;2014;0.1279
Denmark ;"sptinc_p99p100_z_DK
Pre-tax national income 
Top 1% | share
";p99p100;2015;0.1239
Denmark ;"sptinc_p99p100_z_DK
Pre-tax national income 
Top 1% | share
";p99p100;2016;0.1252
Denmark ;"sptinc_p99p100_z_DK
Pre-tax national income 
Top 1% | share
";p99p100;2017;0.1218
Denmark ;"sptinc_p99p100_z_DK
Pre-tax national income 
Top 1% | share
";p99p100;2018;0.1176
Denmark ;"sptinc_p99p100_z_DK
Pre-tax national income 
Top 1% | share
";p99p100;2019;0.1064
Denmark ;"sptinc_p99p100_z_DK
Pre-tax national income 
Top 1% | share
";p99p100;2020;0.1172
Denmark ;"sptinc_p99p100_z_DK
Pre-tax national income 
Top 1% | share
";p99p100;2021;0.1172
Denmark ;"sptinc_p99p100_z_DK
Pre-tax national income 
Top 1% | share
";p99p100;2022;0.1172
Denmark ;"sptinc_p99p100_z_DK
Pre-tax national income 
Top 1% | share
";p99p100;2023;0.1172
Estonia ;"sptinc_p90p100_z_EE
Pre-tax national income 
Top 10% | share
";p90p100;2012;0.3916
Estonia ;"sptinc_p90p100_z_EE
Pre-tax national income 
Top 10% | share
";p90p100;2013;0.3878
Estonia ;"sptinc_p90p100_z_EE
Pre-tax national income 
Top 10% | share
";p90p100;2014;0.3791
Estonia ;"sptinc_p90p100_z_EE
Pre-tax national income 
Top 10% | share
";p90p100;2015;0.3537
Estonia ;"sptinc_p90p100_z_EE
Pre-tax national income 
Top 10% | share
";p90p100;2016;0.3496
Estonia ;"sptinc_p90p100_z_EE
Pre-tax national income 
Top 10% | share
";p90p100;2017;0.344
Estonia ;"sptinc_p90p100_z_EE
Pre-tax national income 
Top 10% | share
";p90p100;2018;0.3459
Estonia ;"sptinc_p90p100_z_EE
Pre-tax national income 
Top 10% | share
";p90p100;2019;0.3424
Estonia ;"sptinc_p90p100_z_EE
Pre-tax national income 
Top 10% | share
";p90p100;2020;0.3504
Estonia ;"sptinc_p90p100_z_EE
Pre-tax national income 
Top 10% | share
";p90p100;2021;0.3504
Estonia ;"sptinc_p90p100_z_EE
Pre-tax national income 
Top 10% | share
";p90p100;2022;0.3504
Estonia ;"sptinc_p90p100_z_EE
Pre-tax national income 
Top 10% | share
";p90p100;2023;0.3504
Estonia ;"sptinc_p0p50_z_EE
Pre-tax national income 
Bottom 50% | share | adults | equal split
";p0p50;2012;0.1696
Estonia ;"sptinc_p0p50_z_EE
Pre-tax national income 
Bottom 50% | share | adults | equal split
";p0p50;2013;0.1603
Estonia ;"sptinc_p0p50_z_EE
Pre-tax national income 
Bottom 50% | share | adults | equal split
";p0p50;2014;0.1741
Estonia ;"sptinc_p0p50_z_EE
Pre-tax national income 
Bottom 50% | share | adults | equal split
";p0p50;2015;0.1846
Estonia ;"sptinc_p0p50_z_EE
Pre-tax national income 
Bottom 50% | share | adults | equal split
";p0p50;2016;0.1784
Estonia ;"sptinc_p0p50_z_EE
Pre-tax national income 
Bottom 50% | share | adults | equal split
";p0p50;2017;0.1948
Estonia ;"sptinc_p0p50_z_EE
Pre-tax national income 
Bottom 50% | share | adults | equal split
";p0p50;2018;0.1976
Estonia ;"sptinc_p0p50_z_EE
Pre-tax national income 
Bottom 50% | share | adults | equal split
";p0p50;2019;0.1992
Estonia ;"sptinc_p0p50_z_EE
Pre-tax national income 
Bottom 50% | share | adults | equal split
";p0p50;2020;0.1967
Estonia ;"sptinc_p0p50_z_EE
Pre-tax national income 
Bottom 50% | share | adults | equal split
";p0p50;2021;0.1967
Estonia ;"sptinc_p0p50_z_EE
Pre-tax national income 
Bottom 50% | share | adults | equal split
";p0p50;2022;0.1967
Estonia ;"sptinc_p0p50_z_EE
Pre-tax national income 
Bottom 50% | share | adults | equal split
";p0p50;2023;0.1967
Estonia ;"sptinc_p99p100_z_EE
Pre-tax national income 
Top 1% | share
";p99p100;2012;0.142
Estonia ;"sptinc_p99p100_z_EE
Pre-tax national income 
Top 1% | share
";p99p100;2013;0.129
Estonia ;"sptinc_p99p100_z_EE
Pre-tax national income 
Top 1% | share
";p99p100;2014;0.1293
Estonia ;"sptinc_p99p100_z_EE
Pre-tax national income 
Top 1% | share
";p99p100;2015;0.1108
Estonia ;"sptinc_p99p100_z_EE
Pre-tax national income 
Top 1% | share
";p99p100;2016;0.1102
Estonia ;"sptinc_p99p100_z_EE
Pre-tax national income 
Top 1% | share
";p99p100;2017;0.1222
Estonia ;"sptinc_p99p100_z_EE
Pre-tax national income 
Top 1% | share
";p99p100;2018;0.1218
Estonia ;"sptinc_p99p100_z_EE
Pre-tax national income 
Top 1% | share
";p99p100;2019;0.1174
Estonia ;"sptinc_p99p100_z_EE
Pre-tax national income 
Top 1% | share
";p99p100;2020;0.125
Estonia ;"sptinc_p99p100_z_EE
Pre-tax national income 
Top 1% | share
";p99p100;2021;0.125
Estonia ;"sptinc_p99p100_z_EE
Pre-tax national income 
Top 1% | share
";p99p100;2022;0.125
Estonia ;"sptinc_p99p100_z_EE
Pre-tax national income 
Top 1% | share
";p99p100;2023;0.125
Finland ;"sptinc_p90p100_z_FI
Pre-tax national income 
Top 10% | share
";p90p100;2012;0.3113
Finland ;"sptinc_p90p100_z_FI
Pre-tax national income 
Top 10% | share
";p90p100;2013;0.3092
Finland ;"sptinc_p90p100_z_FI
Pre-tax national income 
Top 10% | share
";p90p100;2014;0.3145
Finland ;"sptinc_p90p100_z_FI
Pre-tax national income 
Top 10% | share
";p90p100;2015;0.3233
Finland ;"sptinc_p90p100_z_FI
Pre-tax national income 
Top 10% | share
";p90p100;2016;0.3228
Finland ;"sptinc_p90p100_z_FI
Pre-tax national income 
Top 10% | share
";p90p100;2017;0.3318
Finland ;"sptinc_p90p100_z_FI
Pre-tax national income 
Top 10% | share
";p90p100;2018;0.3294
Finland ;"sptinc_p90p100_z_FI
Pre-tax national income 
Top 10% | share
";p90p100;2019;0.3272
Finland ;"sptinc_p90p100_z_FI
Pre-tax national income 
Top 10% | share
";p90p100;2020;0.3359
Finland ;"sptinc_p90p100_z_FI
Pre-tax national income 
Top 10% | share
";p90p100;2021;0.3359
Finland ;"sptinc_p90p100_z_FI
Pre-tax national income 
Top 10% | share
";p90p100;2022;0.3359
Finland ;"sptinc_p90p100_z_FI
Pre-tax national income 
Top 10% | share
";p90p100;2023;0.3359
Finland ;"sptinc_p0p50_z_FI
Pre-tax national income 
Bottom 50% | share | adults | equal split
";p0p50;2012;0.2309
Finland ;"sptinc_p0p50_z_FI
Pre-tax national income 
Bottom 50% | share | adults | equal split
";p0p50;2013;0.2336
Finland ;"sptinc_p0p50_z_FI
Pre-tax national income 
Bottom 50% | share | adults | equal split
";p0p50;2014;0.2321
Finland ;"sptinc_p0p50_z_FI
Pre-tax national income 
Bottom 50% | share | adults | equal split
";p0p50;2015;0.2279
Finland ;"sptinc_p0p50_z_FI
Pre-tax national income 
Bottom 50% | share | adults | equal split
";p0p50;2016;0.2307
Finland ;"sptinc_p0p50_z_FI
Pre-tax national income 
Bottom 50% | share | adults | equal split
";p0p50;2017;0.2312
Finland ;"sptinc_p0p50_z_FI
Pre-tax national income 
Bottom 50% | share | adults | equal split
";p0p50;2018;0.2317
Finland ;"sptinc_p0p50_z_FI
Pre-tax national income 
Bottom 50% | share | adults | equal split
";p0p50;2019;0.2325
Finland ;"sptinc_p0p50_z_FI
Pre-tax national income 
Bottom 50% | share | adults | equal split
";p0p50;2020;0.2292
Finland ;"sptinc_p0p50_z_FI
Pre-tax national income 
Bottom 50% | share | adults | equal split
";p0p50;2021;0.2292
Finland ;"sptinc_p0p50_z_FI
Pre-tax national income 
Bottom 50% | share | adults | equal split
";p0p50;2022;0.2292
Finland ;"sptinc_p0p50_z_FI
Pre-tax national income 
Bottom 50% | share | adults | equal split
";p0p50;2023;0.2292
Finland ;"sptinc_p99p100_z_FI
Pre-tax national income 
Top 1% | share
";p99p100;2012;0.0858
Finland ;"sptinc_p99p100_z_FI
Pre-tax national income 
Top 1% | share
";p99p100;2013;0.0844
Finland ;"sptinc_p99p100_z_FI
Pre-tax national income 
Top 1% | share
";p99p100;2014;0.0885
Finland ;"sptinc_p99p100_z_FI
Pre-tax national income 
Top 1% | share
";p99p100;2015;0.0938
Finland ;"sptinc_p99p100_z_FI
Pre-tax national income 
Top 1% | share
";p99p100;2016;0.095
Finland ;"sptinc_p99p100_z_FI
Pre-tax national income 
Top 1% | share
";p99p100;2017;0.104
Finland ;"sptinc_p99p100_z_FI
Pre-tax national income 
Top 1% | share
";p99p100;2018;0.1027
Finland ;"sptinc_p99p100_z_FI
Pre-tax national income 
Top 1% | share
";p99p100;2019;0.1004
Finland ;"sptinc_p99p100_z_FI
Pre-tax national income 
Top 1% | share
";p99p100;2020;0.1092
Finland ;"sptinc_p99p100_z_FI
Pre-tax national income 
Top 1% | share
";p99p100;2021;0.1092
Finland ;"sptinc_p99p100_z_FI
Pre-tax national income 
Top 1% | share
";p99p100;2022;0.1092
Finland ;"sptinc_p99p100_z_FI
Pre-tax national income 
Top 1% | share
";p99p100;2023;0.1092
France ;"sptinc_p90p100_z_FR
Pre-tax national income 
Top 10% | share
";p90p100;2012;0.3288
France ;"sptinc_p90p100_z_FR
Pre-tax national income 
Top 10% | share
";p90p100;2013;0.323
France ;"sptinc_p90p100_z_FR
Pre-tax national income 
Top 10% | share
";p90p100;2014;0.3246
France ;"sptinc_p90p100_z_FR
Pre-tax national income 
Top 10% | share
";p90p100;2015;0.3331
France ;"sptinc_p90p100_z_FR
Pre-tax national income 
Top 10% | share
";p90p100;2016;0.3333
France ;"sptinc_p90p100_z_FR
Pre-tax national income 
Top 10% | share
";p90p100;2017;0.3356
France ;"sptinc_p90p100_z_FR
Pre-tax national income 
Top 10% | share
";p90p100;2018;0.3422
France ;"sptinc_p90p100_z_FR
Pre-tax national income 
Top 10% | share
";p90p100;2019;0.3394
France ;"sptinc_p90p100_z_FR
Pre-tax national income 
Top 10% | share
";p90p100;2020;0.3369
France ;"sptinc_p90p100_z_FR
Pre-tax national income 
Top 10% | share
";p90p100;2021;0.3474
France ;"sptinc_p90p100_z_FR
Pre-tax national income 
Top 10% | share
";p90p100;2022;0.3424
France ;"sptinc_p90p100_z_FR
Pre-tax national income 
Top 10% | share
";p90p100;2023;0.3424
France ;"sptinc_p0p50_z_FR
Pre-tax national income 
Bottom 50% | share | adults | equal split
";p0p50;2012;0.2093
France ;"sptinc_p0p50_z_FR
Pre-tax national income 
Bottom 50% | share | adults | equal split
";p0p50;2013;0.2099
France ;"sptinc_p0p50_z_FR
Pre-tax national income 
Bottom 50% | share | adults | equal split
";p0p50;2014;0.2119
France ;"sptinc_p0p50_z_FR
Pre-tax national income 
Bottom 50% | share | adults | equal split
";p0p50;2015;0.2062
France ;"sptinc_p0p50_z_FR
Pre-tax national income 
Bottom 50% | share | adults | equal split
";p0p50;2016;0.2076
France ;"sptinc_p0p50_z_FR
Pre-tax national income 
Bottom 50% | share | adults | equal split
";p0p50;2017;0.2071
France ;"sptinc_p0p50_z_FR
Pre-tax national income 
Bottom 50% | share | adults | equal split
";p0p50;2018;0.2047
France ;"sptinc_p0p50_z_FR
Pre-tax national income 
Bottom 50% | share | adults | equal split
";p0p50;2019;0.2064
France ;"sptinc_p0p50_z_FR
Pre-tax national income 
Bottom 50% | share | adults | equal split
";p0p50;2020;0.2072
France ;"sptinc_p0p50_z_FR
Pre-tax national income 
Bottom 50% | share | adults | equal split
";p0p50;2021;0.2043
France ;"sptinc_p0p50_z_FR
Pre-tax national income 
Bottom 50% | share | adults | equal split
";p0p50;2022;0.2052
France ;"sptinc_p0p50_z_FR
Pre-tax national income 
Bottom 50% | share | adults | equal split
";p0p50;2023;0.2052
France ;"sptinc_p99p100_z_FR
Pre-tax national income 
Top 1% | share
";p99p100;2012;0.1022
France ;"sptinc_p99p100_z_FR
Pre-tax national income 
Top 1% | share
";p99p100;2013;0.0954
France ;"sptinc_p99p100_z_FR
Pre-tax national income 
Top 1% | share
";p99p100;2014;0.0978
France ;"sptinc_p99p100_z_FR
Pre-tax national income 
Top 1% | share
";p99p100;2015;0.1033
France ;"sptinc_p99p100_z_FR
Pre-tax national income 
Top 1% | share
";p99p100;2016;0.1038
France ;"sptinc_p99p100_z_FR
Pre-tax national income 
Top 1% | share
";p99p100;2017;0.1074
France ;"sptinc_p99p100_z_FR
Pre-tax national income 
Top 1% | share
";p99p100;2018;0.1169
France ;"sptinc_p99p100_z_FR
Pre-tax national income 
Top 1% | share
";p99p100;2019;0.1135
France ;"sptinc_p99p100_z_FR
Pre-tax national income 
Top 1% | share
";p99p100;2020;0.1108
France ;"sptinc_p99p100_z_FR
Pre-tax national income 
Top 1% | share
";p99p100;2021;0.1266
France ;"sptinc_p99p100_z_FR
Pre-tax national income 
Top 1% | share
";p99p100;2022;0.1203
France ;"sptinc_p99p100_z_FR
Pre-tax national income 
Top 1% | share
";p99p100;2023;0.1203
Germany ;"sptinc_p90p100_z_DE
Pre-tax national income 
Top 10% | share
";p90p100;2012;0.3558
Germany ;"sptinc_p90p100_z_DE
Pre-tax national income 
Top 10% | share
";p90p100;2013;0.371
Germany ;"sptinc_p90p100_z_DE
Pre-tax national income 
Top 10% | share
";p90p100;2014;0.375
Germany ;"sptinc_p90p100_z_DE
Pre-tax national income 
Top 10% | share
";p90p100;2015;0.3745
Germany ;"sptinc_p90p100_z_DE
Pre-tax national income 
Top 10% | share
";p90p100;2016;0.3732
Germany ;"sptinc_p90p100_z_DE
Pre-tax national income 
Top 10% | share
";p90p100;2017;0.3703
Germany ;"sptinc_p90p100_z_DE
Pre-tax national income 
Top 10% | share
";p90p100;2018;0.3667
Germany ;"sptinc_p90p100_z_DE
Pre-tax national income 
Top 10% | share
";p90p100;2019;0.368
Germany ;"sptinc_p90p100_z_DE
Pre-tax national income 
Top 10% | share
";p90p100;2020;0.3669
Germany ;"sptinc_p90p100_z_DE
Pre-tax national income 
Top 10% | share
";p90p100;2021;0.3669
Germany ;"sptinc_p90p100_z_DE
Pre-tax national income 
Top 10% | share
";p90p100;2022;0.3669
Germany ;"sptinc_p90p100_z_DE
Pre-tax national income 
Top 10% | share
";p90p100;2023;0.3669
Germany ;"sptinc_p0p50_z_DE
Pre-tax national income 
Bottom 50% | share | adults | equal split
";p0p50;2012;0.1991
Germany ;"sptinc_p0p50_z_DE
Pre-tax national income 
Bottom 50% | share | adults | equal split
";p0p50;2013;0.1895
Germany ;"sptinc_p0p50_z_DE
Pre-tax national income 
Bottom 50% | share | adults | equal split
";p0p50;2014;0.1897
Germany ;"sptinc_p0p50_z_DE
Pre-tax national income 
Bottom 50% | share | adults | equal split
";p0p50;2015;0.1907
Germany ;"sptinc_p0p50_z_DE
Pre-tax national income 
Bottom 50% | share | adults | equal split
";p0p50;2016;0.1937
Germany ;"sptinc_p0p50_z_DE
Pre-tax national income 
Bottom 50% | share | adults | equal split
";p0p50;2017;0.1951
Germany ;"sptinc_p0p50_z_DE
Pre-tax national income 
Bottom 50% | share | adults | equal split
";p0p50;2018;0.1964
Germany ;"sptinc_p0p50_z_DE
Pre-tax national income 
Bottom 50% | share | adults | equal split
";p0p50;2019;0.1987
Germany ;"sptinc_p0p50_z_DE
Pre-tax national income 
Bottom 50% | share | adults | equal split
";p0p50;2020;0.1994
Germany ;"sptinc_p0p50_z_DE
Pre-tax national income 
Bottom 50% | share | adults | equal split
";p0p50;2021;0.1994
Germany ;"sptinc_p0p50_z_DE
Pre-tax national income 
Bottom 50% | share | adults | equal split
";p0p50;2022;0.1994
Germany ;"sptinc_p0p50_z_DE
Pre-tax national income 
Bottom 50% | share | adults | equal split
";p0p50;2023;0.1994
Germany ;"sptinc_p99p100_z_DE
Pre-tax national income 
Top 1% | share
";p99p100;2012;0.1223
Germany ;"sptinc_p99p100_z_DE
Pre-tax national income 
Top 1% | share
";p99p100;2013;0.1275
Germany ;"sptinc_p99p100_z_DE
Pre-tax national income 
Top 1% | share
";p99p100;2014;0.1291
Germany ;"sptinc_p99p100_z_DE
Pre-tax national income 
Top 1% | share
";p99p100;2015;0.1291
Germany ;"sptinc_p99p100_z_DE
Pre-tax national income 
Top 1% | share
";p99p100;2016;0.1287
Germany ;"sptinc_p99p100_z_DE
Pre-tax national income 
Top 1% | share
";p99p100;2017;0.1282
Germany ;"sptinc_p99p100_z_DE
Pre-tax national income 
Top 1% | share
";p99p100;2018;0.1267
Germany ;"sptinc_p99p100_z_DE
Pre-tax national income 
Top 1% | share
";p99p100;2019;0.1272
Germany ;"sptinc_p99p100_z_DE
Pre-tax national income 
Top 1% | share
";p99p100;2020;0.1266
Germany ;"sptinc_p99p100_z_DE
Pre-tax national income 
Top 1% | share
";p99p100;2021;0.1266
Germany ;"sptinc_p99p100_z_DE
Pre-tax national income 
Top 1% | share
";p99p100;2022;0.1266
Germany ;"sptinc_p99p100_z_DE
Pre-tax national income 
Top 1% | share
";p99p100;2023;0.1266
Greece ;"sptinc_p90p100_z_GR
Pre-tax national income 
Top 10% | share
";p90p100;2012;0.3173
Greece ;"sptinc_p90p100_z_GR
Pre-tax national income 
Top 10% | share
";p90p100;2013;0.3331
Greece ;"sptinc_p90p100_z_GR
Pre-tax national income 
Top 10% | share
";p90p100;2014;0.3569
Greece ;"sptinc_p90p100_z_GR
Pre-tax national income 
Top 10% | share
";p90p100;2015;0.3541
Greece ;"sptinc_p90p100_z_GR
Pre-tax national income 
Top 10% | share
";p90p100;2016;0.3422
Greece ;"sptinc_p90p100_z_GR
Pre-tax national income 
Top 10% | share
";p90p100;2017;0.339
Greece ;"sptinc_p90p100_z_GR
Pre-tax national income 
Top 10% | share
";p90p100;2018;0.3294
Greece ;"sptinc_p90p100_z_GR
Pre-tax national income 
Top 10% | share
";p90p100;2019;0.3242
Greece ;"sptinc_p90p100_z_GR
Pre-tax national income 
Top 10% | share
";p90p100;2020;0.3219
Greece ;"sptinc_p90p100_z_GR
Pre-tax national income 
Top 10% | share
";p90p100;2021;0.3286
Greece ;"sptinc_p90p100_z_GR
Pre-tax national income 
Top 10% | share
";p90p100;2022;0.3502
Greece ;"sptinc_p90p100_z_GR
Pre-tax national income 
Top 10% | share
";p90p100;2023;0.351
Greece ;"sptinc_p0p50_z_GR
Pre-tax national income 
Bottom 50% | share | adults | equal split
";p0p50;2012;0.196
Greece ;"sptinc_p0p50_z_GR
Pre-tax national income 
Bottom 50% | share | adults | equal split
";p0p50;2013;0.1975
Greece ;"sptinc_p0p50_z_GR
Pre-tax national income 
Bottom 50% | share | adults | equal split
";p0p50;2014;0.1862
Greece ;"sptinc_p0p50_z_GR
Pre-tax national income 
Bottom 50% | share | adults | equal split
";p0p50;2015;0.1873
Greece ;"sptinc_p0p50_z_GR
Pre-tax national income 
Bottom 50% | share | adults | equal split
";p0p50;2016;0.1944
Greece ;"sptinc_p0p50_z_GR
Pre-tax national income 
Bottom 50% | share | adults | equal split
";p0p50;2017;0.2006
Greece ;"sptinc_p0p50_z_GR
Pre-tax national income 
Bottom 50% | share | adults | equal split
";p0p50;2018;0.2091
Greece ;"sptinc_p0p50_z_GR
Pre-tax national income 
Bottom 50% | share | adults | equal split
";p0p50;2019;0.2111
Greece ;"sptinc_p0p50_z_GR
Pre-tax national income 
Bottom 50% | share | adults | equal split
";p0p50;2020;0.2131
Greece ;"sptinc_p0p50_z_GR
Pre-tax national income 
Bottom 50% | share | adults | equal split
";p0p50;2021;0.2131
Greece ;"sptinc_p0p50_z_GR
Pre-tax national income 
Bottom 50% | share | adults | equal split
";p0p50;2022;0.2053
Greece ;"sptinc_p0p50_z_GR
Pre-tax national income 
Bottom 50% | share | adults | equal split
";p0p50;2023;0.2051
Greece ;"sptinc_p99p100_z_GR
Pre-tax national income 
Top 1% | share
";p99p100;2012;0.0782
Greece ;"sptinc_p99p100_z_GR
Pre-tax national income 
Top 1% | share
";p99p100;2013;0.0996
Greece ;"sptinc_p99p100_z_GR
Pre-tax national income 
Top 1% | share
";p99p100;2014;0.1246
Greece ;"sptinc_p99p100_z_GR
Pre-tax national income 
Top 1% | share
";p99p100;2015;0.1225
Greece ;"sptinc_p99p100_z_GR
Pre-tax national income 
Top 1% | share
";p99p100;2016;0.1123
Greece ;"sptinc_p99p100_z_GR
Pre-tax national income 
Top 1% | share
";p99p100;2017;0.1098
Greece ;"sptinc_p99p100_z_GR
Pre-tax national income 
Top 1% | share
";p99p100;2018;0.1107
Greece ;"sptinc_p99p100_z_GR
Pre-tax national income 
Top 1% | share
";p99p100;2019;0.1109
Greece ;"sptinc_p99p100_z_GR
Pre-tax national income 
Top 1% | share
";p99p100;2020;0.1094
Greece ;"sptinc_p99p100_z_GR
Pre-tax national income 
Top 1% | share
";p99p100;2021;0.1197
Greece ;"sptinc_p99p100_z_GR
Pre-tax national income 
Top 1% | share
";p99p100;2022;0.142
Greece ;"sptinc_p99p100_z_GR
Pre-tax national income 
Top 1% | share
";p99p100;2023;0.1429
Hungary ;"sptinc_p90p100_z_HU
Pre-tax national income 
Top 10% | share
";p90p100;2012;0.3194
Hungary ;"sptinc_p90p100_z_HU
Pre-tax national income 
Top 10% | share
";p90p100;2013;0.3335
Hungary ;"sptinc_p90p100_z_HU
Pre-tax national income 
Top 10% | share
";p90p100;2014;0.3289
Hungary ;"sptinc_p90p100_z_HU
Pre-tax national income 
Top 10% | share
";p90p100;2015;0.3286
Hungary ;"sptinc_p90p100_z_HU
Pre-tax national income 
Top 10% | share
";p90p100;2016;0.3305
Hungary ;"sptinc_p90p100_z_HU
Pre-tax national income 
Top 10% | share
";p90p100;2017;0.3297
Hungary ;"sptinc_p90p100_z_HU
Pre-tax national income 
Top 10% | share
";p90p100;2018;0.3247
Hungary ;"sptinc_p90p100_z_HU
Pre-tax national income 
Top 10% | share
";p90p100;2019;0.331
Hungary ;"sptinc_p90p100_z_HU
Pre-tax national income 
Top 10% | share
";p90p100;2020;0.3285
Hungary ;"sptinc_p90p100_z_HU
Pre-tax national income 
Top 10% | share
";p90p100;2021;0.3285
Hungary ;"sptinc_p90p100_z_HU
Pre-tax national income 
Top 10% | share
";p90p100;2022;0.3285
Hungary ;"sptinc_p90p100_z_HU
Pre-tax national income 
Top 10% | share
";p90p100;2023;0.3285
Hungary ;"sptinc_p0p50_z_HU
Pre-tax national income 
Bottom 50% | share | adults | equal split
";p0p50;2012;0.2366
Hungary ;"sptinc_p0p50_z_HU
Pre-tax national income 
Bottom 50% | share | adults | equal split
";p0p50;2013;0.231
Hungary ;"sptinc_p0p50_z_HU
Pre-tax national income 
Bottom 50% | share | adults | equal split
";p0p50;2014;0.2303
Hungary ;"sptinc_p0p50_z_HU
Pre-tax national income 
Bottom 50% | share | adults | equal split
";p0p50;2015;0.2303
Hungary ;"sptinc_p0p50_z_HU
Pre-tax national income 
Bottom 50% | share | adults | equal split
";p0p50;2016;0.2322
Hungary ;"sptinc_p0p50_z_HU
Pre-tax national income 
Bottom 50% | share | adults | equal split
";p0p50;2017;0.2318
Hungary ;"sptinc_p0p50_z_HU
Pre-tax national income 
Bottom 50% | share | adults | equal split
";p0p50;2018;0.2245
Hungary ;"sptinc_p0p50_z_HU
Pre-tax national income 
Bottom 50% | share | adults | equal split
";p0p50;2019;0.2255
Hungary ;"sptinc_p0p50_z_HU
Pre-tax national income 
Bottom 50% | share | adults | equal split
";p0p50;2020;0.2269
Hungary ;"sptinc_p0p50_z_HU
Pre-tax national income 
Bottom 50% | share | adults | equal split
";p0p50;2021;0.2269
Hungary ;"sptinc_p0p50_z_HU
Pre-tax national income 
Bottom 50% | share | adults | equal split
";p0p50;2022;0.2269
Hungary ;"sptinc_p0p50_z_HU
Pre-tax national income 
Bottom 50% | share | adults | equal split
";p0p50;2023;0.2269
Hungary ;"sptinc_p99p100_z_HU
Pre-tax national income 
Top 1% | share
";p99p100;2012;0.1035
Hungary ;"sptinc_p99p100_z_HU
Pre-tax national income 
Top 1% | share
";p99p100;2013;0.1165
Hungary ;"sptinc_p99p100_z_HU
Pre-tax national income 
Top 1% | share
";p99p100;2014;0.116
Hungary ;"sptinc_p99p100_z_HU
Pre-tax national income 
Top 1% | share
";p99p100;2015;0.1162
Hungary ;"sptinc_p99p100_z_HU
Pre-tax national income 
Top 1% | share
";p99p100;2016;0.1201
Hungary ;"sptinc_p99p100_z_HU
Pre-tax national income 
Top 1% | share
";p99p100;2017;0.1136
Hungary ;"sptinc_p99p100_z_HU
Pre-tax national income 
Top 1% | share
";p99p100;2018;0.1097
Hungary ;"sptinc_p99p100_z_HU
Pre-tax national income 
Top 1% | share
";p99p100;2019;0.0995
Hungary ;"sptinc_p99p100_z_HU
Pre-tax national income 
Top 1% | share
";p99p100;2020;0.0984
Hungary ;"sptinc_p99p100_z_HU
Pre-tax national income 
Top 1% | share
";p99p100;2021;0.0984
Hungary ;"sptinc_p99p100_z_HU
Pre-tax national income 
Top 1% | share
";p99p100;2022;0.0984
Hungary ;"sptinc_p99p100_z_HU
Pre-tax national income 
Top 1% | share
";p99p100;2023;0.0984
Ireland ;"sptinc_p90p100_z_IE
Pre-tax national income 
Top 10% | share
";p90p100;2012;0.3125
Ireland ;"sptinc_p90p100_z_IE
Pre-tax national income 
Top 10% | share
";p90p100;2013;0.3211
Ireland ;"sptinc_p90p100_z_IE
Pre-tax national income 
Top 10% | share
";p90p100;2014;0.3316
Ireland ;"sptinc_p90p100_z_IE
Pre-tax national income 
Top 10% | share
";p90p100;2015;0.3488
Ireland ;"sptinc_p90p100_z_IE
Pre-tax national income 
Top 10% | share
";p90p100;2016;0.3496
Ireland ;"sptinc_p90p100_z_IE
Pre-tax national income 
Top 10% | share
";p90p100;2017;0.3408
Ireland ;"sptinc_p90p100_z_IE
Pre-tax national income 
Top 10% | share
";p90p100;2018;0.3508
Ireland ;"sptinc_p90p100_z_IE
Pre-tax national income 
Top 10% | share
";p90p100;2019;0.3526
Ireland ;"sptinc_p90p100_z_IE
Pre-tax national income 
Top 10% | share
";p90p100;2020;0.3593
Ireland ;"sptinc_p90p100_z_IE
Pre-tax national income 
Top 10% | share
";p90p100;2021;0.3593
Ireland ;"sptinc_p90p100_z_IE
Pre-tax national income 
Top 10% | share
";p90p100;2022;0.3593
Ireland ;"sptinc_p90p100_z_IE
Pre-tax national income 
Top 10% | share
";p90p100;2023;0.3593
Ireland ;"sptinc_p0p50_z_IE
Pre-tax national income 
Bottom 50% | share | adults | equal split
";p0p50;2012;0.2038
Ireland ;"sptinc_p0p50_z_IE
Pre-tax national income 
Bottom 50% | share | adults | equal split
";p0p50;2013;0.2084
Ireland ;"sptinc_p0p50_z_IE
Pre-tax national income 
Bottom 50% | share | adults | equal split
";p0p50;2014;0.1918
Ireland ;"sptinc_p0p50_z_IE
Pre-tax national income 
Bottom 50% | share | adults | equal split
";p0p50;2015;0.1995
Ireland ;"sptinc_p0p50_z_IE
Pre-tax national income 
Bottom 50% | share | adults | equal split
";p0p50;2016;0.2074
Ireland ;"sptinc_p0p50_z_IE
Pre-tax national income 
Bottom 50% | share | adults | equal split
";p0p50;2017;0.2127
Ireland ;"sptinc_p0p50_z_IE
Pre-tax national income 
Bottom 50% | share | adults | equal split
";p0p50;2018;0.2164
Ireland ;"sptinc_p0p50_z_IE
Pre-tax national income 
Bottom 50% | share | adults | equal split
";p0p50;2019;0.2159
Ireland ;"sptinc_p0p50_z_IE
Pre-tax national income 
Bottom 50% | share | adults | equal split
";p0p50;2020;0.2188
Ireland ;"sptinc_p0p50_z_IE
Pre-tax national income 
Bottom 50% | share | adults | equal split
";p0p50;2021;0.2188
Ireland ;"sptinc_p0p50_z_IE
Pre-tax national income 
Bottom 50% | share | adults | equal split
";p0p50;2022;0.2188
Ireland ;"sptinc_p0p50_z_IE
Pre-tax national income 
Bottom 50% | share | adults | equal split
";p0p50;2023;0.2188
Ireland ;"sptinc_p99p100_z_IE
Pre-tax national income 
Top 1% | share
";p99p100;2012;0.0937
Ireland ;"sptinc_p99p100_z_IE
Pre-tax national income 
Top 1% | share
";p99p100;2013;0.0999
Ireland ;"sptinc_p99p100_z_IE
Pre-tax national income 
Top 1% | share
";p99p100;2014;0.1051
Ireland ;"sptinc_p99p100_z_IE
Pre-tax national income 
Top 1% | share
";p99p100;2015;0.1171
Ireland ;"sptinc_p99p100_z_IE
Pre-tax national income 
Top 1% | share
";p99p100;2016;0.1185
Ireland ;"sptinc_p99p100_z_IE
Pre-tax national income 
Top 1% | share
";p99p100;2017;0.1133
Ireland ;"sptinc_p99p100_z_IE
Pre-tax national income 
Top 1% | share
";p99p100;2018;0.1197
Ireland ;"sptinc_p99p100_z_IE
Pre-tax national income 
Top 1% | share
";p99p100;2019;0.1204
Ireland ;"sptinc_p99p100_z_IE
Pre-tax national income 
Top 1% | share
";p99p100;2020;0.1329
Ireland ;"sptinc_p99p100_z_IE
Pre-tax national income 
Top 1% | share
";p99p100;2021;0.1329
Ireland ;"sptinc_p99p100_z_IE
Pre-tax national income 
Top 1% | share
";p99p100;2022;0.1329
Ireland ;"sptinc_p99p100_z_IE
Pre-tax national income 
Top 1% | share
";p99p100;2023;0.1329
Italy ;"sptinc_p90p100_z_IT
Pre-tax national income 
Top 10% | share
";p90p100;2012;0.3608
Italy ;"sptinc_p90p100_z_IT
Pre-tax national income 
Top 10% | share
";p90p100;2013;0.3615
Italy ;"sptinc_p90p100_z_IT
Pre-tax national income 
Top 10% | share
";p90p100;2014;0.3575
Italy ;"sptinc_p90p100_z_IT
Pre-tax national income 
Top 10% | share
";p90p100;2015;0.3493
Italy ;"sptinc_p90p100_z_IT
Pre-tax national income 
Top 10% | share
";p90p100;2016;0.3677
Italy ;"sptinc_p90p100_z_IT
Pre-tax national income 
Top 10% | share
";p90p100;2017;0.3756
Italy ;"sptinc_p90p100_z_IT
Pre-tax national income 
Top 10% | share
";p90p100;2018;0.3753
Italy ;"sptinc_p90p100_z_IT
Pre-tax national income 
Top 10% | share
";p90p100;2019;0.3735
Italy ;"sptinc_p90p100_z_IT
Pre-tax national income 
Top 10% | share
";p90p100;2020;0.3714
Italy ;"sptinc_p90p100_z_IT
Pre-tax national income 
Top 10% | share
";p90p100;2021;0.3714
Italy ;"sptinc_p90p100_z_IT
Pre-tax national income 
Top 10% | share
";p90p100;2022;0.3714
Italy ;"sptinc_p90p100_z_IT
Pre-tax national income 
Top 10% | share
";p90p100;2023;0.3714
Italy ;"sptinc_p0p50_z_IT
Pre-tax national income 
Bottom 50% | share | adults | equal split
";p0p50;2012;0.1714
Italy ;"sptinc_p0p50_z_IT
Pre-tax national income 
Bottom 50% | share | adults | equal split
";p0p50;2013;0.1678
Italy ;"sptinc_p0p50_z_IT
Pre-tax national income 
Bottom 50% | share | adults | equal split
";p0p50;2014;0.1679
Italy ;"sptinc_p0p50_z_IT
Pre-tax national income 
Bottom 50% | share | adults | equal split
";p0p50;2015;0.1695
Italy ;"sptinc_p0p50_z_IT
Pre-tax national income 
Bottom 50% | share | adults | equal split
";p0p50;2016;0.167
Italy ;"sptinc_p0p50_z_IT
Pre-tax national income 
Bottom 50% | share | adults | equal split
";p0p50;2017;0.1657
Italy ;"sptinc_p0p50_z_IT
Pre-tax national income 
Bottom 50% | share | adults | equal split
";p0p50;2018;0.1641
Italy ;"sptinc_p0p50_z_IT
Pre-tax national income 
Bottom 50% | share | adults | equal split
";p0p50;2019;0.1649
Italy ;"sptinc_p0p50_z_IT
Pre-tax national income 
Bottom 50% | share | adults | equal split
";p0p50;2020;0.166
Italy ;"sptinc_p0p50_z_IT
Pre-tax national income 
Bottom 50% | share | adults | equal split
";p0p50;2021;0.166
Italy ;"sptinc_p0p50_z_IT
Pre-tax national income 
Bottom 50% | share | adults | equal split
";p0p50;2022;0.166
Italy ;"sptinc_p0p50_z_IT
Pre-tax national income 
Bottom 50% | share | adults | equal split
";p0p50;2023;0.166
Italy ;"sptinc_p99p100_z_IT
Pre-tax national income 
Top 1% | share
";p99p100;2012;0.1139
Italy ;"sptinc_p99p100_z_IT
Pre-tax national income 
Top 1% | share
";p99p100;2013;0.1105
Italy ;"sptinc_p99p100_z_IT
Pre-tax national income 
Top 1% | share
";p99p100;2014;0.1123
Italy ;"sptinc_p99p100_z_IT
Pre-tax national income 
Top 1% | share
";p99p100;2015;0.1056
Italy ;"sptinc_p99p100_z_IT
Pre-tax national income 
Top 1% | share
";p99p100;2016;0.123
Italy ;"sptinc_p99p100_z_IT
Pre-tax national income 
Top 1% | share
";p99p100;2017;0.1271
Italy ;"sptinc_p99p100_z_IT
Pre-tax national income 
Top 1% | share
";p99p100;2018;0.1259
Italy ;"sptinc_p99p100_z_IT
Pre-tax national income 
Top 1% | share
";p99p100;2019;0.1243
Italy ;"sptinc_p99p100_z_IT
Pre-tax national income 
Top 1% | share
";p99p100;2020;0.1228
Italy ;"sptinc_p99p100_z_IT
Pre-tax national income 
Top 1% | share
";p99p100;2021;0.1228
Italy ;"sptinc_p99p100_z_IT
Pre-tax national income 
Top 1% | share
";p99p100;2022;0.1228
Italy ;"sptinc_p99p100_z_IT
Pre-tax national income 
Top 1% | share
";p99p100;2023;0.1228
Latvia ;"sptinc_p90p100_z_LV
Pre-tax national income 
Top 10% | share
";p90p100;2012;0.3731
Latvia ;"sptinc_p90p100_z_LV
Pre-tax national income 
Top 10% | share
";p90p100;2013;0.3738
Latvia ;"sptinc_p90p100_z_LV
Pre-tax national income 
Top 10% | share
";p90p100;2014;0.3649
Latvia ;"sptinc_p90p100_z_LV
Pre-tax national income 
Top 10% | share
";p90p100;2015;0.3548
Latvia ;"sptinc_p90p100_z_LV
Pre-tax national income 
Top 10% | share
";p90p100;2016;0.3384
Latvia ;"sptinc_p90p100_z_LV
Pre-tax national income 
Top 10% | share
";p90p100;2017;0.3532
Latvia ;"sptinc_p90p100_z_LV
Pre-tax national income 
Top 10% | share
";p90p100;2018;0.3472
Latvia ;"sptinc_p90p100_z_LV
Pre-tax national income 
Top 10% | share
";p90p100;2019;0.3456
Latvia ;"sptinc_p90p100_z_LV
Pre-tax national income 
Top 10% | share
";p90p100;2020;0.3402
Latvia ;"sptinc_p90p100_z_LV
Pre-tax national income 
Top 10% | share
";p90p100;2021;0.3421
Latvia ;"sptinc_p90p100_z_LV
Pre-tax national income 
Top 10% | share
";p90p100;2022;0.3494
Latvia ;"sptinc_p90p100_z_LV
Pre-tax national income 
Top 10% | share
";p90p100;2023;0.3484
Latvia ;"sptinc_p0p50_z_LV
Pre-tax national income 
Bottom 50% | share | adults | equal split
";p0p50;2012;0.1812
Latvia ;"sptinc_p0p50_z_LV
Pre-tax national income 
Bottom 50% | share | adults | equal split
";p0p50;2013;0.1808
Latvia ;"sptinc_p0p50_z_LV
Pre-tax national income 
Bottom 50% | share | adults | equal split
";p0p50;2014;0.1848
Latvia ;"sptinc_p0p50_z_LV
Pre-tax national income 
Bottom 50% | share | adults | equal split
";p0p50;2015;0.1884
Latvia ;"sptinc_p0p50_z_LV
Pre-tax national income 
Bottom 50% | share | adults | equal split
";p0p50;2016;0.191
Latvia ;"sptinc_p0p50_z_LV
Pre-tax national income 
Bottom 50% | share | adults | equal split
";p0p50;2017;0.1837
Latvia ;"sptinc_p0p50_z_LV
Pre-tax national income 
Bottom 50% | share | adults | equal split
";p0p50;2018;0.1841
Latvia ;"sptinc_p0p50_z_LV
Pre-tax national income 
Bottom 50% | share | adults | equal split
";p0p50;2019;0.1707
Latvia ;"sptinc_p0p50_z_LV
Pre-tax national income 
Bottom 50% | share | adults | equal split
";p0p50;2020;0.1867
Latvia ;"sptinc_p0p50_z_LV
Pre-tax national income 
Bottom 50% | share | adults | equal split
";p0p50;2021;0.1954
Latvia ;"sptinc_p0p50_z_LV
Pre-tax national income 
Bottom 50% | share | adults | equal split
";p0p50;2022;0.193
Latvia ;"sptinc_p0p50_z_LV
Pre-tax national income 
Bottom 50% | share | adults | equal split
";p0p50;2023;0.1933
Latvia ;"sptinc_p99p100_z_LV
Pre-tax national income 
Top 1% | share
";p99p100;2012;0.1105
Latvia ;"sptinc_p99p100_z_LV
Pre-tax national income 
Top 1% | share
";p99p100;2013;0.1138
Latvia ;"sptinc_p99p100_z_LV
Pre-tax national income 
Top 1% | share
";p99p100;2014;0.1064
Latvia ;"sptinc_p99p100_z_LV
Pre-tax national income 
Top 1% | share
";p99p100;2015;0.1008
Latvia ;"sptinc_p99p100_z_LV
Pre-tax national income 
Top 1% | share
";p99p100;2016;0.0864
Latvia ;"sptinc_p99p100_z_LV
Pre-tax national income 
Top 1% | share
";p99p100;2017;0.095
Latvia ;"sptinc_p99p100_z_LV
Pre-tax national income 
Top 1% | share
";p99p100;2018;0.0946
Latvia ;"sptinc_p99p100_z_LV
Pre-tax national income 
Top 1% | share
";p99p100;2019;0.0892
Latvia ;"sptinc_p99p100_z_LV
Pre-tax national income 
Top 1% | share
";p99p100;2020;0.0902
Latvia ;"sptinc_p99p100_z_LV
Pre-tax national income 
Top 1% | share
";p99p100;2021;0.0996
Latvia ;"sptinc_p99p100_z_LV
Pre-tax national income 
Top 1% | share
";p99p100;2022;0.107
Latvia ;"sptinc_p99p100_z_LV
Pre-tax national income 
Top 1% | share
";p99p100;2023;0.106
Lithuania ;"sptinc_p90p100_z_LT
Pre-tax national income 
Top 10% | share
";p90p100;2012;0.3693
Lithuania ;"sptinc_p90p100_z_LT
Pre-tax national income 
Top 10% | share
";p90p100;2013;0.375
Lithuania ;"sptinc_p90p100_z_LT
Pre-tax national income 
Top 10% | share
";p90p100;2014;0.4065
Lithuania ;"sptinc_p90p100_z_LT
Pre-tax national income 
Top 10% | share
";p90p100;2015;0.3678
Lithuania ;"sptinc_p90p100_z_LT
Pre-tax national income 
Top 10% | share
";p90p100;2016;0.3643
Lithuania ;"sptinc_p90p100_z_LT
Pre-tax national income 
Top 10% | share
";p90p100;2017;0.3769
Lithuania ;"sptinc_p90p100_z_LT
Pre-tax national income 
Top 10% | share
";p90p100;2018;0.3649
Lithuania ;"sptinc_p90p100_z_LT
Pre-tax national income 
Top 10% | share
";p90p100;2019;0.3502
Lithuania ;"sptinc_p90p100_z_LT
Pre-tax national income 
Top 10% | share
";p90p100;2020;0.3442
Lithuania ;"sptinc_p90p100_z_LT
Pre-tax national income 
Top 10% | share
";p90p100;2021;0.3442
Lithuania ;"sptinc_p90p100_z_LT
Pre-tax national income 
Top 10% | share
";p90p100;2022;0.3442
Lithuania ;"sptinc_p90p100_z_LT
Pre-tax national income 
Top 10% | share
";p90p100;2023;0.3442
Lithuania ;"sptinc_p0p50_z_LT
Pre-tax national income 
Bottom 50% | share | adults | equal split
";p0p50;2012;0.1914
Lithuania ;"sptinc_p0p50_z_LT
Pre-tax national income 
Bottom 50% | share | adults | equal split
";p0p50;2013;0.1882
Lithuania ;"sptinc_p0p50_z_LT
Pre-tax national income 
Bottom 50% | share | adults | equal split
";p0p50;2014;0.1704
Lithuania ;"sptinc_p0p50_z_LT
Pre-tax national income 
Bottom 50% | share | adults | equal split
";p0p50;2015;0.1805
Lithuania ;"sptinc_p0p50_z_LT
Pre-tax national income 
Bottom 50% | share | adults | equal split
";p0p50;2016;0.1854
Lithuania ;"sptinc_p0p50_z_LT
Pre-tax national income 
Bottom 50% | share | adults | equal split
";p0p50;2017;0.1817
Lithuania ;"sptinc_p0p50_z_LT
Pre-tax national income 
Bottom 50% | share | adults | equal split
";p0p50;2018;0.19
Lithuania ;"sptinc_p0p50_z_LT
Pre-tax national income 
Bottom 50% | share | adults | equal split
";p0p50;2019;0.1942
Lithuania ;"sptinc_p0p50_z_LT
Pre-tax national income 
Bottom 50% | share | adults | equal split
";p0p50;2020;0.1967
Lithuania ;"sptinc_p0p50_z_LT
Pre-tax national income 
Bottom 50% | share | adults | equal split
";p0p50;2021;0.1967
Lithuania ;"sptinc_p0p50_z_LT
Pre-tax national income 
Bottom 50% | share | adults | equal split
";p0p50;2022;0.1967
Lithuania ;"sptinc_p0p50_z_LT
Pre-tax national income 
Bottom 50% | share | adults | equal split
";p0p50;2023;0.1967
Lithuania ;"sptinc_p99p100_z_LT
Pre-tax national income 
Top 1% | share
";p99p100;2012;0.1122
Lithuania ;"sptinc_p99p100_z_LT
Pre-tax national income 
Top 1% | share
";p99p100;2013;0.1168
Lithuania ;"sptinc_p99p100_z_LT
Pre-tax national income 
Top 1% | share
";p99p100;2014;0.1426
Lithuania ;"sptinc_p99p100_z_LT
Pre-tax national income 
Top 1% | share
";p99p100;2015;0.1069
Lithuania ;"sptinc_p99p100_z_LT
Pre-tax national income 
Top 1% | share
";p99p100;2016;0.1058
Lithuania ;"sptinc_p99p100_z_LT
Pre-tax national income 
Top 1% | share
";p99p100;2017;0.1175
Lithuania ;"sptinc_p99p100_z_LT
Pre-tax national income 
Top 1% | share
";p99p100;2018;0.1106
Lithuania ;"sptinc_p99p100_z_LT
Pre-tax national income 
Top 1% | share
";p99p100;2019;0.0985
Lithuania ;"sptinc_p99p100_z_LT
Pre-tax national income 
Top 1% | share
";p99p100;2020;0.0948
Lithuania ;"sptinc_p99p100_z_LT
Pre-tax national income 
Top 1% | share
";p99p100;2021;0.0948
Lithuania ;"sptinc_p99p100_z_LT
Pre-tax national income 
Top 1% | share
";p99p100;2022;0.0948
Lithuania ;"sptinc_p99p100_z_LT
Pre-tax national income 
Top 1% | share
";p99p100;2023;0.0948
Luxembourg ;"sptinc_p90p100_z_LU
Pre-tax national income 
Top 10% | share
";p90p100;2012;0.3843
Luxembourg ;"sptinc_p90p100_z_LU
Pre-tax national income 
Top 10% | share
";p90p100;2013;0.3623
Luxembourg ;"sptinc_p90p100_z_LU
Pre-tax national income 
Top 10% | share
";p90p100;2014;0.364
Luxembourg ;"sptinc_p90p100_z_LU
Pre-tax national income 
Top 10% | share
";p90p100;2015;0.3345
Luxembourg ;"sptinc_p90p100_z_LU
Pre-tax national income 
Top 10% | share
";p90p100;2016;0.3465
Luxembourg ;"sptinc_p90p100_z_LU
Pre-tax national income 
Top 10% | share
";p90p100;2017;0.3736
Luxembourg ;"sptinc_p90p100_z_LU
Pre-tax national income 
Top 10% | share
";p90p100;2018;0.3652
Luxembourg ;"sptinc_p90p100_z_LU
Pre-tax national income 
Top 10% | share
";p90p100;2019;0.352
Luxembourg ;"sptinc_p90p100_z_LU
Pre-tax national income 
Top 10% | share
";p90p100;2020;0.3603
Luxembourg ;"sptinc_p90p100_z_LU
Pre-tax national income 
Top 10% | share
";p90p100;2021;0.3603
Luxembourg ;"sptinc_p90p100_z_LU
Pre-tax national income 
Top 10% | share
";p90p100;2022;0.3603
Luxembourg ;"sptinc_p90p100_z_LU
Pre-tax national income 
Top 10% | share
";p90p100;2023;0.3603
Luxembourg ;"sptinc_p0p50_z_LU
Pre-tax national income 
Bottom 50% | share | adults | equal split
";p0p50;2012;0.1934
Luxembourg ;"sptinc_p0p50_z_LU
Pre-tax national income 
Bottom 50% | share | adults | equal split
";p0p50;2013;0.1955
Luxembourg ;"sptinc_p0p50_z_LU
Pre-tax national income 
Bottom 50% | share | adults | equal split
";p0p50;2014;0.1981
Luxembourg ;"sptinc_p0p50_z_LU
Pre-tax national income 
Bottom 50% | share | adults | equal split
";p0p50;2015;0.2068
Luxembourg ;"sptinc_p0p50_z_LU
Pre-tax national income 
Bottom 50% | share | adults | equal split
";p0p50;2016;0.1986
Luxembourg ;"sptinc_p0p50_z_LU
Pre-tax national income 
Bottom 50% | share | adults | equal split
";p0p50;2017;0.1868
Luxembourg ;"sptinc_p0p50_z_LU
Pre-tax national income 
Bottom 50% | share | adults | equal split
";p0p50;2018;0.1893
Luxembourg ;"sptinc_p0p50_z_LU
Pre-tax national income 
Bottom 50% | share | adults | equal split
";p0p50;2019;0.1949
Luxembourg ;"sptinc_p0p50_z_LU
Pre-tax national income 
Bottom 50% | share | adults | equal split
";p0p50;2020;0.1919
Luxembourg ;"sptinc_p0p50_z_LU
Pre-tax national income 
Bottom 50% | share | adults | equal split
";p0p50;2021;0.1919
Luxembourg ;"sptinc_p0p50_z_LU
Pre-tax national income 
Bottom 50% | share | adults | equal split
";p0p50;2022;0.1919
Luxembourg ;"sptinc_p0p50_z_LU
Pre-tax national income 
Bottom 50% | share | adults | equal split
";p0p50;2023;0.1919
Luxembourg ;"sptinc_p99p100_z_LU
Pre-tax national income 
Top 1% | share
";p99p100;2012;0.1573
Luxembourg ;"sptinc_p99p100_z_LU
Pre-tax national income 
Top 1% | share
";p99p100;2013;0.1358
Luxembourg ;"sptinc_p99p100_z_LU
Pre-tax national income 
Top 1% | share
";p99p100;2014;0.1362
Luxembourg ;"sptinc_p99p100_z_LU
Pre-tax national income 
Top 1% | share
";p99p100;2015;0.1064
Luxembourg ;"sptinc_p99p100_z_LU
Pre-tax national income 
Top 1% | share
";p99p100;2016;0.1206
Luxembourg ;"sptinc_p99p100_z_LU
Pre-tax national income 
Top 1% | share
";p99p100;2017;0.1434
Luxembourg ;"sptinc_p99p100_z_LU
Pre-tax national income 
Top 1% | share
";p99p100;2018;0.1353
Luxembourg ;"sptinc_p99p100_z_LU
Pre-tax national income 
Top 1% | share
";p99p100;2019;0.122
Luxembourg ;"sptinc_p99p100_z_LU
Pre-tax national income 
Top 1% | share
";p99p100;2020;0.1311
Luxembourg ;"sptinc_p99p100_z_LU
Pre-tax national income 
Top 1% | share
";p99p100;2021;0.1311
Luxembourg ;"sptinc_p99p100_z_LU
Pre-tax national income 
Top 1% | share
";p99p100;2022;0.1311
Luxembourg ;"sptinc_p99p100_z_LU
Pre-tax national income 
Top 1% | share
";p99p100;2023;0.1311
Netherlands ;"sptinc_p90p100_z_NL
Pre-tax national income 
Top 10% | share
";p90p100;2012;0.2873
Netherlands ;"sptinc_p90p100_z_NL
Pre-tax national income 
Top 10% | share
";p90p100;2013;0.2804
Netherlands ;"sptinc_p90p100_z_NL
Pre-tax national income 
Top 10% | share
";p90p100;2014;0.2905
Netherlands ;"sptinc_p90p100_z_NL
Pre-tax national income 
Top 10% | share
";p90p100;2015;0.2893
Netherlands ;"sptinc_p90p100_z_NL
Pre-tax national income 
Top 10% | share
";p90p100;2016;0.2873
Netherlands ;"sptinc_p90p100_z_NL
Pre-tax national income 
Top 10% | share
";p90p100;2017;0.2935
Netherlands ;"sptinc_p90p100_z_NL
Pre-tax national income 
Top 10% | share
";p90p100;2018;0.2909
Netherlands ;"sptinc_p90p100_z_NL
Pre-tax national income 
Top 10% | share
";p90p100;2019;0.2868
Netherlands ;"sptinc_p90p100_z_NL
Pre-tax national income 
Top 10% | share
";p90p100;2020;0.2854
Netherlands ;"sptinc_p90p100_z_NL
Pre-tax national income 
Top 10% | share
";p90p100;2021;0.2854
Netherlands ;"sptinc_p90p100_z_NL
Pre-tax national income 
Top 10% | share
";p90p100;2022;0.2854
Netherlands ;"sptinc_p90p100_z_NL
Pre-tax national income 
Top 10% | share
";p90p100;2023;0.2854
Netherlands ;"sptinc_p0p50_z_NL
Pre-tax national income 
Bottom 50% | share | adults | equal split
";p0p50;2012;0.2408
Netherlands ;"sptinc_p0p50_z_NL
Pre-tax national income 
Bottom 50% | share | adults | equal split
";p0p50;2013;0.2389
Netherlands ;"sptinc_p0p50_z_NL
Pre-tax national income 
Bottom 50% | share | adults | equal split
";p0p50;2014;0.2336
Netherlands ;"sptinc_p0p50_z_NL
Pre-tax national income 
Bottom 50% | share | adults | equal split
";p0p50;2015;0.2363
Netherlands ;"sptinc_p0p50_z_NL
Pre-tax national income 
Bottom 50% | share | adults | equal split
";p0p50;2016;0.2372
Netherlands ;"sptinc_p0p50_z_NL
Pre-tax national income 
Bottom 50% | share | adults | equal split
";p0p50;2017;0.2326
Netherlands ;"sptinc_p0p50_z_NL
Pre-tax national income 
Bottom 50% | share | adults | equal split
";p0p50;2018;0.2371
Netherlands ;"sptinc_p0p50_z_NL
Pre-tax national income 
Bottom 50% | share | adults | equal split
";p0p50;2019;0.2393
Netherlands ;"sptinc_p0p50_z_NL
Pre-tax national income 
Bottom 50% | share | adults | equal split
";p0p50;2020;0.24
Netherlands ;"sptinc_p0p50_z_NL
Pre-tax national income 
Bottom 50% | share | adults | equal split
";p0p50;2021;0.24
Netherlands ;"sptinc_p0p50_z_NL
Pre-tax national income 
Bottom 50% | share | adults | equal split
";p0p50;2022;0.24
Netherlands ;"sptinc_p0p50_z_NL
Pre-tax national income 
Bottom 50% | share | adults | equal split
";p0p50;2023;0.24
Netherlands ;"sptinc_p99p100_z_NL
Pre-tax national income 
Top 1% | share
";p99p100;2012;0.0643
Netherlands ;"sptinc_p99p100_z_NL
Pre-tax national income 
Top 1% | share
";p99p100;2013;0.0626
Netherlands ;"sptinc_p99p100_z_NL
Pre-tax national income 
Top 1% | share
";p99p100;2014;0.068
Netherlands ;"sptinc_p99p100_z_NL
Pre-tax national income 
Top 1% | share
";p99p100;2015;0.068
Netherlands ;"sptinc_p99p100_z_NL
Pre-tax national income 
Top 1% | share
";p99p100;2016;0.0672
Netherlands ;"sptinc_p99p100_z_NL
Pre-tax national income 
Top 1% | share
";p99p100;2017;0.0689
Netherlands ;"sptinc_p99p100_z_NL
Pre-tax national income 
Top 1% | share
";p99p100;2018;0.0685
Netherlands ;"sptinc_p99p100_z_NL
Pre-tax national income 
Top 1% | share
";p99p100;2019;0.067
Netherlands ;"sptinc_p99p100_z_NL
Pre-tax national income 
Top 1% | share
";p99p100;2020;0.0669
Netherlands ;"sptinc_p99p100_z_NL
Pre-tax national income 
Top 1% | share
";p99p100;2021;0.0669
Netherlands ;"sptinc_p99p100_z_NL
Pre-tax national income 
Top 1% | share
";p99p100;2022;0.0669
Netherlands ;"sptinc_p99p100_z_NL
Pre-tax national income 
Top 1% | share
";p99p100;2023;0.0669
Norway ;"sptinc_p90p100_z_NO
Pre-tax national income 
Top 10% | share
";p90p100;2012;0.3239
Norway ;"sptinc_p90p100_z_NO
Pre-tax national income 
Top 10% | share
";p90p100;2013;0.318
Norway ;"sptinc_p90p100_z_NO
Pre-tax national income 
Top 10% | share
";p90p100;2014;0.3166
Norway ;"sptinc_p90p100_z_NO
Pre-tax national income 
Top 10% | share
";p90p100;2015;0.3008
Norway ;"sptinc_p90p100_z_NO
Pre-tax national income 
Top 10% | share
";p90p100;2016;0.2999
Norway ;"sptinc_p90p100_z_NO
Pre-tax national income 
Top 10% | share
";p90p100;2017;0.3039
Norway ;"sptinc_p90p100_z_NO
Pre-tax national income 
Top 10% | share
";p90p100;2018;0.3142
Norway ;"sptinc_p90p100_z_NO
Pre-tax national income 
Top 10% | share
";p90p100;2019;0.3034
Norway ;"sptinc_p90p100_z_NO
Pre-tax national income 
Top 10% | share
";p90p100;2020;0.3061
Norway ;"sptinc_p90p100_z_NO
Pre-tax national income 
Top 10% | share
";p90p100;2021;0.3061
Norway ;"sptinc_p90p100_z_NO
Pre-tax national income 
Top 10% | share
";p90p100;2022;0.3061
Norway ;"sptinc_p90p100_z_NO
Pre-tax national income 
Top 10% | share
";p90p100;2023;0.3061
Norway ;"sptinc_p0p50_z_NO
Pre-tax national income 
Bottom 50% | share | adults | equal split
";p0p50;2012;0.2546
Norway ;"sptinc_p0p50_z_NO
Pre-tax national income 
Bottom 50% | share | adults | equal split
";p0p50;2013;0.2573
Norway ;"sptinc_p0p50_z_NO
Pre-tax national income 
Bottom 50% | share | adults | equal split
";p0p50;2014;0.2554
Norway ;"sptinc_p0p50_z_NO
Pre-tax national income 
Bottom 50% | share | adults | equal split
";p0p50;2015;0.2634
Norway ;"sptinc_p0p50_z_NO
Pre-tax national income 
Bottom 50% | share | adults | equal split
";p0p50;2016;0.2617
Norway ;"sptinc_p0p50_z_NO
Pre-tax national income 
Bottom 50% | share | adults | equal split
";p0p50;2017;0.2591
Norway ;"sptinc_p0p50_z_NO
Pre-tax national income 
Bottom 50% | share | adults | equal split
";p0p50;2018;0.2555
Norway ;"sptinc_p0p50_z_NO
Pre-tax national income 
Bottom 50% | share | adults | equal split
";p0p50;2019;0.2584
Norway ;"sptinc_p0p50_z_NO
Pre-tax national income 
Bottom 50% | share | adults | equal split
";p0p50;2020;0.2423
Norway ;"sptinc_p0p50_z_NO
Pre-tax national income 
Bottom 50% | share | adults | equal split
";p0p50;2021;0.2423
Norway ;"sptinc_p0p50_z_NO
Pre-tax national income 
Bottom 50% | share | adults | equal split
";p0p50;2022;0.2423
Norway ;"sptinc_p0p50_z_NO
Pre-tax national income 
Bottom 50% | share | adults | equal split
";p0p50;2023;0.2423
Norway ;"sptinc_p99p100_z_NO
Pre-tax national income 
Top 1% | share
";p99p100;2012;0.1232
Norway ;"sptinc_p99p100_z_NO
Pre-tax national income 
Top 1% | share
";p99p100;2013;0.1175
Norway ;"sptinc_p99p100_z_NO
Pre-tax national income 
Top 1% | share
";p99p100;2014;0.1142
Norway ;"sptinc_p99p100_z_NO
Pre-tax national income 
Top 1% | share
";p99p100;2015;0.0972
Norway ;"sptinc_p99p100_z_NO
Pre-tax national income 
Top 1% | share
";p99p100;2016;0.0954
Norway ;"sptinc_p99p100_z_NO
Pre-tax national income 
Top 1% | share
";p99p100;2017;0.1002
Norway ;"sptinc_p99p100_z_NO
Pre-tax national income 
Top 1% | share
";p99p100;2018;0.1086
Norway ;"sptinc_p99p100_z_NO
Pre-tax national income 
Top 1% | share
";p99p100;2019;0.0942
Norway ;"sptinc_p99p100_z_NO
Pre-tax national income 
Top 1% | share
";p99p100;2020;0.0934
Norway ;"sptinc_p99p100_z_NO
Pre-tax national income 
Top 1% | share
";p99p100;2021;0.0934
Norway ;"sptinc_p99p100_z_NO
Pre-tax national income 
Top 1% | share
";p99p100;2022;0.0934
Norway ;"sptinc_p99p100_z_NO
Pre-tax national income 
Top 1% | share
";p99p100;2023;0.0934
Poland ;"sptinc_p90p100_z_PL
Pre-tax national income 
Top 10% | share
";p90p100;2012;0.3641
Poland ;"sptinc_p90p100_z_PL
Pre-tax national income 
Top 10% | share
";p90p100;2013;0.3626
Poland ;"sptinc_p90p100_z_PL
Pre-tax national income 
Top 10% | share
";p90p100;2014;0.3682
Poland ;"sptinc_p90p100_z_PL
Pre-tax national income 
Top 10% | share
";p90p100;2015;0.3741
Poland ;"sptinc_p90p100_z_PL
Pre-tax national income 
Top 10% | share
";p90p100;2016;0.3698
Poland ;"sptinc_p90p100_z_PL
Pre-tax national income 
Top 10% | share
";p90p100;2017;0.3666
Poland ;"sptinc_p90p100_z_PL
Pre-tax national income 
Top 10% | share
";p90p100;2018;0.3699
Poland ;"sptinc_p90p100_z_PL
Pre-tax national income 
Top 10% | share
";p90p100;2019;0.3782
Poland ;"sptinc_p90p100_z_PL
Pre-tax national income 
Top 10% | share
";p90p100;2020;0.3821
Poland ;"sptinc_p90p100_z_PL
Pre-tax national income 
Top 10% | share
";p90p100;2021;0.3821
Poland ;"sptinc_p90p100_z_PL
Pre-tax national income 
Top 10% | share
";p90p100;2022;0.3821
Poland ;"sptinc_p90p100_z_PL
Pre-tax national income 
Top 10% | share
";p90p100;2023;0.3821
Poland ;"sptinc_p0p50_z_PL
Pre-tax national income 
Bottom 50% | share | adults | equal split
";p0p50;2012;0.2038
Poland ;"sptinc_p0p50_z_PL
Pre-tax national income 
Bottom 50% | share | adults | equal split
";p0p50;2013;0.2035
Poland ;"sptinc_p0p50_z_PL
Pre-tax national income 
Bottom 50% | share | adults | equal split
";p0p50;2014;0.2025
Poland ;"sptinc_p0p50_z_PL
Pre-tax national income 
Bottom 50% | share | adults | equal split
";p0p50;2015;0.1998
Poland ;"sptinc_p0p50_z_PL
Pre-tax national income 
Bottom 50% | share | adults | equal split
";p0p50;2016;0.1994
Poland ;"sptinc_p0p50_z_PL
Pre-tax national income 
Bottom 50% | share | adults | equal split
";p0p50;2017;0.2022
Poland ;"sptinc_p0p50_z_PL
Pre-tax national income 
Bottom 50% | share | adults | equal split
";p0p50;2018;0.1987
Poland ;"sptinc_p0p50_z_PL
Pre-tax national income 
Bottom 50% | share | adults | equal split
";p0p50;2019;0.1978
Poland ;"sptinc_p0p50_z_PL
Pre-tax national income 
Bottom 50% | share | adults | equal split
";p0p50;2020;0.1965
Poland ;"sptinc_p0p50_z_PL
Pre-tax national income 
Bottom 50% | share | adults | equal split
";p0p50;2021;0.1965
Poland ;"sptinc_p0p50_z_PL
Pre-tax national income 
Bottom 50% | share | adults | equal split
";p0p50;2022;0.1965
Poland ;"sptinc_p0p50_z_PL
Pre-tax national income 
Bottom 50% | share | adults | equal split
";p0p50;2023;0.1965
Poland ;"sptinc_p99p100_z_PL
Pre-tax national income 
Top 1% | share
";p99p100;2012;0.1358
Poland ;"sptinc_p99p100_z_PL
Pre-tax national income 
Top 1% | share
";p99p100;2013;0.1328
Poland ;"sptinc_p99p100_z_PL
Pre-tax national income 
Top 1% | share
";p99p100;2014;0.1383
Poland ;"sptinc_p99p100_z_PL
Pre-tax national income 
Top 1% | share
";p99p100;2015;0.1461
Poland ;"sptinc_p99p100_z_PL
Pre-tax national income 
Top 1% | share
";p99p100;2016;0.1427
Poland ;"sptinc_p99p100_z_PL
Pre-tax national income 
Top 1% | share
";p99p100;2017;0.1414
Poland ;"sptinc_p99p100_z_PL
Pre-tax national income 
Top 1% | share
";p99p100;2018;0.1428
Poland ;"sptinc_p99p100_z_PL
Pre-tax national income 
Top 1% | share
";p99p100;2019;0.1483
Poland ;"sptinc_p99p100_z_PL
Pre-tax national income 
Top 1% | share
";p99p100;2020;0.1519
Poland ;"sptinc_p99p100_z_PL
Pre-tax national income 
Top 1% | share
";p99p100;2021;0.1519
Poland ;"sptinc_p99p100_z_PL
Pre-tax national income 
Top 1% | share
";p99p100;2022;0.1519
Poland ;"sptinc_p99p100_z_PL
Pre-tax national income 
Top 1% | share
";p99p100;2023;0.1519
Portugal ;"sptinc_p90p100_z_PT
Pre-tax national income 
Top 10% | share
";p90p100;2012;0.3667
Portugal ;"sptinc_p90p100_z_PT
Pre-tax national income 
Top 10% | share
";p90p100;2013;0.3725
Portugal ;"sptinc_p90p100_z_PT
Pre-tax national income 
Top 10% | share
";p90p100;2014;0.373
Portugal ;"sptinc_p90p100_z_PT
Pre-tax national income 
Top 10% | share
";p90p100;2015;0.3706
Portugal ;"sptinc_p90p100_z_PT
Pre-tax national income 
Top 10% | share
";p90p100;2016;0.373
Portugal ;"sptinc_p90p100_z_PT
Pre-tax national income 
Top 10% | share
";p90p100;2017;0.3764
Portugal ;"sptinc_p90p100_z_PT
Pre-tax national income 
Top 10% | share
";p90p100;2018;0.3655
Portugal ;"sptinc_p90p100_z_PT
Pre-tax national income 
Top 10% | share
";p90p100;2019;0.3585
Portugal ;"sptinc_p90p100_z_PT
Pre-tax national income 
Top 10% | share
";p90p100;2020;0.3517
Portugal ;"sptinc_p90p100_z_PT
Pre-tax national income 
Top 10% | share
";p90p100;2021;0.3378
Portugal ;"sptinc_p90p100_z_PT
Pre-tax national income 
Top 10% | share
";p90p100;2022;0.3446
Portugal ;"sptinc_p90p100_z_PT
Pre-tax national income 
Top 10% | share
";p90p100;2023;0.3503
Portugal ;"sptinc_p0p50_z_PT
Pre-tax national income 
Bottom 50% | share | adults | equal split
";p0p50;2012;0.1909
Portugal ;"sptinc_p0p50_z_PT
Pre-tax national income 
Bottom 50% | share | adults | equal split
";p0p50;2013;0.1833
Portugal ;"sptinc_p0p50_z_PT
Pre-tax national income 
Bottom 50% | share | adults | equal split
";p0p50;2014;0.1852
Portugal ;"sptinc_p0p50_z_PT
Pre-tax national income 
Bottom 50% | share | adults | equal split
";p0p50;2015;0.1886
Portugal ;"sptinc_p0p50_z_PT
Pre-tax national income 
Bottom 50% | share | adults | equal split
";p0p50;2016;0.1878
Portugal ;"sptinc_p0p50_z_PT
Pre-tax national income 
Bottom 50% | share | adults | equal split
";p0p50;2017;0.1894
Portugal ;"sptinc_p0p50_z_PT
Pre-tax national income 
Bottom 50% | share | adults | equal split
";p0p50;2018;0.1987
Portugal ;"sptinc_p0p50_z_PT
Pre-tax national income 
Bottom 50% | share | adults | equal split
";p0p50;2019;0.2009
Portugal ;"sptinc_p0p50_z_PT
Pre-tax national income 
Bottom 50% | share | adults | equal split
";p0p50;2020;0.2032
Portugal ;"sptinc_p0p50_z_PT
Pre-tax national income 
Bottom 50% | share | adults | equal split
";p0p50;2021;0.2043
Portugal ;"sptinc_p0p50_z_PT
Pre-tax national income 
Bottom 50% | share | adults | equal split
";p0p50;2022;0.2014
Portugal ;"sptinc_p0p50_z_PT
Pre-tax national income 
Bottom 50% | share | adults | equal split
";p0p50;2023;0.199
Portugal ;"sptinc_p99p100_z_PT
Pre-tax national income 
Top 1% | share
";p99p100;2012;0.1014
Portugal ;"sptinc_p99p100_z_PT
Pre-tax national income 
Top 1% | share
";p99p100;2013;0.1054
Portugal ;"sptinc_p99p100_z_PT
Pre-tax national income 
Top 1% | share
";p99p100;2014;0.1071
Portugal ;"sptinc_p99p100_z_PT
Pre-tax national income 
Top 1% | share
";p99p100;2015;0.1083
Portugal ;"sptinc_p99p100_z_PT
Pre-tax national income 
Top 1% | share
";p99p100;2016;0.1093
Portugal ;"sptinc_p99p100_z_PT
Pre-tax national income 
Top 1% | share
";p99p100;2017;0.1165
Portugal ;"sptinc_p99p100_z_PT
Pre-tax national income 
Top 1% | share
";p99p100;2018;0.1108
Portugal ;"sptinc_p99p100_z_PT
Pre-tax national income 
Top 1% | share
";p99p100;2019;0.0997
Portugal ;"sptinc_p99p100_z_PT
Pre-tax national income 
Top 1% | share
";p99p100;2020;0.0928
Portugal ;"sptinc_p99p100_z_PT
Pre-tax national income 
Top 1% | share
";p99p100;2021;0.0858
Portugal ;"sptinc_p99p100_z_PT
Pre-tax national income 
Top 1% | share
";p99p100;2022;0.0918
Portugal ;"sptinc_p99p100_z_PT
Pre-tax national income 
Top 1% | share
";p99p100;2023;0.097
Romania ;"sptinc_p90p100_z_RO
Pre-tax national income 
Top 10% | share
";p90p100;2012;0.4225
Romania ;"sptinc_p90p100_z_RO
Pre-tax national income 
Top 10% | share
";p90p100;2013;0.4089
Romania ;"sptinc_p90p100_z_RO
Pre-tax national income 
Top 10% | share
";p90p100;2014;0.4279
Romania ;"sptinc_p90p100_z_RO
Pre-tax national income 
Top 10% | share
";p90p100;2015;0.4262
Romania ;"sptinc_p90p100_z_RO
Pre-tax national income 
Top 10% | share
";p90p100;2016;0.3812
Romania ;"sptinc_p90p100_z_RO
Pre-tax national income 
Top 10% | share
";p90p100;2017;0.3886
Romania ;"sptinc_p90p100_z_RO
Pre-tax national income 
Top 10% | share
";p90p100;2018;0.4034
Romania ;"sptinc_p90p100_z_RO
Pre-tax national income 
Top 10% | share
";p90p100;2019;0.3989
Romania ;"sptinc_p90p100_z_RO
Pre-tax national income 
Top 10% | share
";p90p100;2020;0.4033
Romania ;"sptinc_p90p100_z_RO
Pre-tax national income 
Top 10% | share
";p90p100;2021;0.4033
Romania ;"sptinc_p90p100_z_RO
Pre-tax national income 
Top 10% | share
";p90p100;2022;0.4033
Romania ;"sptinc_p90p100_z_RO
Pre-tax national income 
Top 10% | share
";p90p100;2023;0.4033
Romania ;"sptinc_p0p50_z_RO
Pre-tax national income 
Bottom 50% | share | adults | equal split
";p0p50;2012;0.1595
Romania ;"sptinc_p0p50_z_RO
Pre-tax national income 
Bottom 50% | share | adults | equal split
";p0p50;2013;0.1619
Romania ;"sptinc_p0p50_z_RO
Pre-tax national income 
Bottom 50% | share | adults | equal split
";p0p50;2014;0.1561
Romania ;"sptinc_p0p50_z_RO
Pre-tax national income 
Bottom 50% | share | adults | equal split
";p0p50;2015;0.1563
Romania ;"sptinc_p0p50_z_RO
Pre-tax national income 
Bottom 50% | share | adults | equal split
";p0p50;2016;0.1747
Romania ;"sptinc_p0p50_z_RO
Pre-tax national income 
Bottom 50% | share | adults | equal split
";p0p50;2017;0.1684
Romania ;"sptinc_p0p50_z_RO
Pre-tax national income 
Bottom 50% | share | adults | equal split
";p0p50;2018;0.1543
Romania ;"sptinc_p0p50_z_RO
Pre-tax national income 
Bottom 50% | share | adults | equal split
";p0p50;2019;0.1551
Romania ;"sptinc_p0p50_z_RO
Pre-tax national income 
Bottom 50% | share | adults | equal split
";p0p50;2020;0.1551
Romania ;"sptinc_p0p50_z_RO
Pre-tax national income 
Bottom 50% | share | adults | equal split
";p0p50;2021;0.1551
Romania ;"sptinc_p0p50_z_RO
Pre-tax national income 
Bottom 50% | share | adults | equal split
";p0p50;2022;0.1551
Romania ;"sptinc_p0p50_z_RO
Pre-tax national income 
Bottom 50% | share | adults | equal split
";p0p50;2023;0.1551
Romania ;"sptinc_p99p100_z_RO
Pre-tax national income 
Top 1% | share
";p99p100;2012;0.162
Romania ;"sptinc_p99p100_z_RO
Pre-tax national income 
Top 1% | share
";p99p100;2013;0.1489
Romania ;"sptinc_p99p100_z_RO
Pre-tax national income 
Top 1% | share
";p99p100;2014;0.1687
Romania ;"sptinc_p99p100_z_RO
Pre-tax national income 
Top 1% | share
";p99p100;2015;0.1692
Romania ;"sptinc_p99p100_z_RO
Pre-tax national income 
Top 1% | share
";p99p100;2016;0.1308
Romania ;"sptinc_p99p100_z_RO
Pre-tax national income 
Top 1% | share
";p99p100;2017;0.1325
Romania ;"sptinc_p99p100_z_RO
Pre-tax national income 
Top 1% | share
";p99p100;2018;0.1343
Romania ;"sptinc_p99p100_z_RO
Pre-tax national income 
Top 1% | share
";p99p100;2019;0.1293
Romania ;"sptinc_p99p100_z_RO
Pre-tax national income 
Top 1% | share
";p99p100;2020;0.1336
Romania ;"sptinc_p99p100_z_RO
Pre-tax national income 
Top 1% | share
";p99p100;2021;0.1336
Romania ;"sptinc_p99p100_z_RO
Pre-tax national income 
Top 1% | share
";p99p100;2022;0.1336
Romania ;"sptinc_p99p100_z_RO
Pre-tax national income 
Top 1% | share
";p99p100;2023;0.1336
Slovakia ;"sptinc_p90p100_z_SK
Pre-tax national income 
Top 10% | share
";p90p100;2012;0.2975
Slovakia ;"sptinc_p90p100_z_SK
Pre-tax national income 
Top 10% | share
";p90p100;2013;0.3258
Slovakia ;"sptinc_p90p100_z_SK
Pre-tax national income 
Top 10% | share
";p90p100;2014;0.3005
Slovakia ;"sptinc_p90p100_z_SK
Pre-tax national income 
Top 10% | share
";p90p100;2015;0.3156
Slovakia ;"sptinc_p90p100_z_SK
Pre-tax national income 
Top 10% | share
";p90p100;2016;0.2939
Slovakia ;"sptinc_p90p100_z_SK
Pre-tax national income 
Top 10% | share
";p90p100;2017;0.2742
Slovakia ;"sptinc_p90p100_z_SK
Pre-tax national income 
Top 10% | share
";p90p100;2018;0.2751
Slovakia ;"sptinc_p90p100_z_SK
Pre-tax national income 
Top 10% | share
";p90p100;2019;0.2671
Slovakia ;"sptinc_p90p100_z_SK
Pre-tax national income 
Top 10% | share
";p90p100;2020;0.2703
Slovakia ;"sptinc_p90p100_z_SK
Pre-tax national income 
Top 10% | share
";p90p100;2021;0.2561
Slovakia ;"sptinc_p90p100_z_SK
Pre-tax national income 
Top 10% | share
";p90p100;2022;0.2505
Slovakia ;"sptinc_p90p100_z_SK
Pre-tax national income 
Top 10% | share
";p90p100;2023;0.2802
Slovakia ;"sptinc_p0p50_z_SK
Pre-tax national income 
Bottom 50% | share | adults | equal split
";p0p50;2012;0.2382
Slovakia ;"sptinc_p0p50_z_SK
Pre-tax national income 
Bottom 50% | share | adults | equal split
";p0p50;2013;0.2332
Slovakia ;"sptinc_p0p50_z_SK
Pre-tax national income 
Bottom 50% | share | adults | equal split
";p0p50;2014;0.2469
Slovakia ;"sptinc_p0p50_z_SK
Pre-tax national income 
Bottom 50% | share | adults | equal split
";p0p50;2015;0.2398
Slovakia ;"sptinc_p0p50_z_SK
Pre-tax national income 
Bottom 50% | share | adults | equal split
";p0p50;2016;0.2455
Slovakia ;"sptinc_p0p50_z_SK
Pre-tax national income 
Bottom 50% | share | adults | equal split
";p0p50;2017;0.2501
Slovakia ;"sptinc_p0p50_z_SK
Pre-tax national income 
Bottom 50% | share | adults | equal split
";p0p50;2018;0.242
Slovakia ;"sptinc_p0p50_z_SK
Pre-tax national income 
Bottom 50% | share | adults | equal split
";p0p50;2019;0.2448
Slovakia ;"sptinc_p0p50_z_SK
Pre-tax national income 
Bottom 50% | share | adults | equal split
";p0p50;2020;0.2436
Slovakia ;"sptinc_p0p50_z_SK
Pre-tax national income 
Bottom 50% | share | adults | equal split
";p0p50;2021;0.2525
Slovakia ;"sptinc_p0p50_z_SK
Pre-tax national income 
Bottom 50% | share | adults | equal split
";p0p50;2022;0.2545
Slovakia ;"sptinc_p0p50_z_SK
Pre-tax national income 
Bottom 50% | share | adults | equal split
";p0p50;2023;0.2434
Slovakia ;"sptinc_p99p100_z_SK
Pre-tax national income 
Top 1% | share
";p99p100;2012;0.0952
Slovakia ;"sptinc_p99p100_z_SK
Pre-tax national income 
Top 1% | share
";p99p100;2013;0.1165
Slovakia ;"sptinc_p99p100_z_SK
Pre-tax national income 
Top 1% | share
";p99p100;2014;0.103
Slovakia ;"sptinc_p99p100_z_SK
Pre-tax national income 
Top 1% | share
";p99p100;2015;0.1117
Slovakia ;"sptinc_p99p100_z_SK
Pre-tax national income 
Top 1% | share
";p99p100;2016;0.0922
Slovakia ;"sptinc_p99p100_z_SK
Pre-tax national income 
Top 1% | share
";p99p100;2017;0.0854
Slovakia ;"sptinc_p99p100_z_SK
Pre-tax national income 
Top 1% | share
";p99p100;2018;0.0796
Slovakia ;"sptinc_p99p100_z_SK
Pre-tax national income 
Top 1% | share
";p99p100;2019;0.073
Slovakia ;"sptinc_p99p100_z_SK
Pre-tax national income 
Top 1% | share
";p99p100;2020;0.076
Slovakia ;"sptinc_p99p100_z_SK
Pre-tax national income 
Top 1% | share
";p99p100;2021;0.07
Slovakia ;"sptinc_p99p100_z_SK
Pre-tax national income 
Top 1% | share
";p99p100;2022;0.0647
Slovakia ;"sptinc_p99p100_z_SK
Pre-tax national income 
Top 1% | share
";p99p100;2023;0.0918
Slovenia ;"sptinc_p90p100_z_SI
Pre-tax national income 
Top 10% | share
";p90p100;2012;0.2937
Slovenia ;"sptinc_p90p100_z_SI
Pre-tax national income 
Top 10% | share
";p90p100;2013;0.2921
Slovenia ;"sptinc_p90p100_z_SI
Pre-tax national income 
Top 10% | share
";p90p100;2014;0.2972
Slovenia ;"sptinc_p90p100_z_SI
Pre-tax national income 
Top 10% | share
";p90p100;2015;0.288
Slovenia ;"sptinc_p90p100_z_SI
Pre-tax national income 
Top 10% | share
";p90p100;2016;0.2906
Slovenia ;"sptinc_p90p100_z_SI
Pre-tax national income 
Top 10% | share
";p90p100;2017;0.2896
Slovenia ;"sptinc_p90p100_z_SI
Pre-tax national income 
Top 10% | share
";p90p100;2018;0.2908
Slovenia ;"sptinc_p90p100_z_SI
Pre-tax national income 
Top 10% | share
";p90p100;2019;0.2891
Slovenia ;"sptinc_p90p100_z_SI
Pre-tax national income 
Top 10% | share
";p90p100;2020;0.2941
Slovenia ;"sptinc_p90p100_z_SI
Pre-tax national income 
Top 10% | share
";p90p100;2021;0.2941
Slovenia ;"sptinc_p90p100_z_SI
Pre-tax national income 
Top 10% | share
";p90p100;2022;0.2941
Slovenia ;"sptinc_p90p100_z_SI
Pre-tax national income 
Top 10% | share
";p90p100;2023;0.2941
Slovenia ;"sptinc_p0p50_z_SI
Pre-tax national income 
Bottom 50% | share | adults | equal split
";p0p50;2012;0.2261
Slovenia ;"sptinc_p0p50_z_SI
Pre-tax national income 
Bottom 50% | share | adults | equal split
";p0p50;2013;0.2263
Slovenia ;"sptinc_p0p50_z_SI
Pre-tax national income 
Bottom 50% | share | adults | equal split
";p0p50;2014;0.2286
Slovenia ;"sptinc_p0p50_z_SI
Pre-tax national income 
Bottom 50% | share | adults | equal split
";p0p50;2015;0.2313
Slovenia ;"sptinc_p0p50_z_SI
Pre-tax national income 
Bottom 50% | share | adults | equal split
";p0p50;2016;0.2338
Slovenia ;"sptinc_p0p50_z_SI
Pre-tax national income 
Bottom 50% | share | adults | equal split
";p0p50;2017;0.2417
Slovenia ;"sptinc_p0p50_z_SI
Pre-tax national income 
Bottom 50% | share | adults | equal split
";p0p50;2018;0.2441
Slovenia ;"sptinc_p0p50_z_SI
Pre-tax national income 
Bottom 50% | share | adults | equal split
";p0p50;2019;0.2444
Slovenia ;"sptinc_p0p50_z_SI
Pre-tax national income 
Bottom 50% | share | adults | equal split
";p0p50;2020;0.2421
Slovenia ;"sptinc_p0p50_z_SI
Pre-tax national income 
Bottom 50% | share | adults | equal split
";p0p50;2021;0.2421
Slovenia ;"sptinc_p0p50_z_SI
Pre-tax national income 
Bottom 50% | share | adults | equal split
";p0p50;2022;0.2421
Slovenia ;"sptinc_p0p50_z_SI
Pre-tax national income 
Bottom 50% | share | adults | equal split
";p0p50;2023;0.2421
Slovenia ;"sptinc_p99p100_z_SI
Pre-tax national income 
Top 1% | share
";p99p100;2012;0.0691
Slovenia ;"sptinc_p99p100_z_SI
Pre-tax national income 
Top 1% | share
";p99p100;2013;0.0703
Slovenia ;"sptinc_p99p100_z_SI
Pre-tax national income 
Top 1% | share
";p99p100;2014;0.0775
Slovenia ;"sptinc_p99p100_z_SI
Pre-tax national income 
Top 1% | share
";p99p100;2015;0.0706
Slovenia ;"sptinc_p99p100_z_SI
Pre-tax national income 
Top 1% | share
";p99p100;2016;0.073
Slovenia ;"sptinc_p99p100_z_SI
Pre-tax national income 
Top 1% | share
";p99p100;2017;0.0782
Slovenia ;"sptinc_p99p100_z_SI
Pre-tax national income 
Top 1% | share
";p99p100;2018;0.079
Slovenia ;"sptinc_p99p100_z_SI
Pre-tax national income 
Top 1% | share
";p99p100;2019;0.0744
Slovenia ;"sptinc_p99p100_z_SI
Pre-tax national income 
Top 1% | share
";p99p100;2020;0.0783
Slovenia ;"sptinc_p99p100_z_SI
Pre-tax national income 
Top 1% | share
";p99p100;2021;0.0783
Slovenia ;"sptinc_p99p100_z_SI
Pre-tax national income 
Top 1% | share
";p99p100;2022;0.0783
Slovenia ;"sptinc_p99p100_z_SI
Pre-tax national income 
Top 1% | share
";p99p100;2023;0.0783
Spain ;"sptinc_p90p100_z_ES
Pre-tax national income 
Top 10% | share
";p90p100;2012;0.3428
Spain ;"sptinc_p90p100_z_ES
Pre-tax national income 
Top 10% | share
";p90p100;2013;0.3454
Spain ;"sptinc_p90p100_z_ES
Pre-tax national income 
Top 10% | share
";p90p100;2014;0.3472
Spain ;"sptinc_p90p100_z_ES
Pre-tax national income 
Top 10% | share
";p90p100;2015;0.3495
Spain ;"sptinc_p90p100_z_ES
Pre-tax national income 
Top 10% | share
";p90p100;2016;0.348
Spain ;"sptinc_p90p100_z_ES
Pre-tax national income 
Top 10% | share
";p90p100;2017;0.3457
Spain ;"sptinc_p90p100_z_ES
Pre-tax national income 
Top 10% | share
";p90p100;2018;0.3412
Spain ;"sptinc_p90p100_z_ES
Pre-tax national income 
Top 10% | share
";p90p100;2019;0.3364
Spain ;"sptinc_p90p100_z_ES
Pre-tax national income 
Top 10% | share
";p90p100;2020;0.3364
Spain ;"sptinc_p90p100_z_ES
Pre-tax national income 
Top 10% | share
";p90p100;2021;0.3364
Spain ;"sptinc_p90p100_z_ES
Pre-tax national income 
Top 10% | share
";p90p100;2022;0.3364
Spain ;"sptinc_p90p100_z_ES
Pre-tax national income 
Top 10% | share
";p90p100;2023;0.3364
Spain ;"sptinc_p0p50_z_ES
Pre-tax national income 
Bottom 50% | share | adults | equal split
";p0p50;2012;0.2169
Spain ;"sptinc_p0p50_z_ES
Pre-tax national income 
Bottom 50% | share | adults | equal split
";p0p50;2013;0.2104
Spain ;"sptinc_p0p50_z_ES
Pre-tax national income 
Bottom 50% | share | adults | equal split
";p0p50;2014;0.2097
Spain ;"sptinc_p0p50_z_ES
Pre-tax national income 
Bottom 50% | share | adults | equal split
";p0p50;2015;0.2126
Spain ;"sptinc_p0p50_z_ES
Pre-tax national income 
Bottom 50% | share | adults | equal split
";p0p50;2016;0.2096
Spain ;"sptinc_p0p50_z_ES
Pre-tax national income 
Bottom 50% | share | adults | equal split
";p0p50;2017;0.2178
Spain ;"sptinc_p0p50_z_ES
Pre-tax national income 
Bottom 50% | share | adults | equal split
";p0p50;2018;0.223
Spain ;"sptinc_p0p50_z_ES
Pre-tax national income 
Bottom 50% | share | adults | equal split
";p0p50;2019;0.2246
Spain ;"sptinc_p0p50_z_ES
Pre-tax national income 
Bottom 50% | share | adults | equal split
";p0p50;2020;0.2246
Spain ;"sptinc_p0p50_z_ES
Pre-tax national income 
Bottom 50% | share | adults | equal split
";p0p50;2021;0.2246
Spain ;"sptinc_p0p50_z_ES
Pre-tax national income 
Bottom 50% | share | adults | equal split
";p0p50;2022;0.2246
Spain ;"sptinc_p0p50_z_ES
Pre-tax national income 
Bottom 50% | share | adults | equal split
";p0p50;2023;0.2246
Spain ;"sptinc_p99p100_z_ES
Pre-tax national income 
Top 1% | share
";p99p100;2012;0.1201
Spain ;"sptinc_p99p100_z_ES
Pre-tax national income 
Top 1% | share
";p99p100;2013;0.12
Spain ;"sptinc_p99p100_z_ES
Pre-tax national income 
Top 1% | share
";p99p100;2014;0.1212
Spain ;"sptinc_p99p100_z_ES
Pre-tax national income 
Top 1% | share
";p99p100;2015;0.1252
Spain ;"sptinc_p99p100_z_ES
Pre-tax national income 
Top 1% | share
";p99p100;2016;0.1259
Spain ;"sptinc_p99p100_z_ES
Pre-tax national income 
Top 1% | share
";p99p100;2017;0.1254
Spain ;"sptinc_p99p100_z_ES
Pre-tax national income 
Top 1% | share
";p99p100;2018;0.1236
Spain ;"sptinc_p99p100_z_ES
Pre-tax national income 
Top 1% | share
";p99p100;2019;0.1191
Spain ;"sptinc_p99p100_z_ES
Pre-tax national income 
Top 1% | share
";p99p100;2020;0.1191
Spain ;"sptinc_p99p100_z_ES
Pre-tax national income 
Top 1% | share
";p99p100;2021;0.1191
Spain ;"sptinc_p99p100_z_ES
Pre-tax national income 
Top 1% | share
";p99p100;2022;0.1191
Spain ;"sptinc_p99p100_z_ES
Pre-tax national income 
Top 1% | share
";p99p100;2023;0.1191
Sweden ;"sptinc_p90p100_z_SE
Pre-tax national income 
Top 10% | share
";p90p100;2012;0.292
Sweden ;"sptinc_p90p100_z_SE
Pre-tax national income 
Top 10% | share
";p90p100;2013;0.2931
Sweden ;"sptinc_p90p100_z_SE
Pre-tax national income 
Top 10% | share
";p90p100;2014;0.2928
Sweden ;"sptinc_p90p100_z_SE
Pre-tax national income 
Top 10% | share
";p90p100;2015;0.3017
Sweden ;"sptinc_p90p100_z_SE
Pre-tax national income 
Top 10% | share
";p90p100;2016;0.2855
Sweden ;"sptinc_p90p100_z_SE
Pre-tax national income 
Top 10% | share
";p90p100;2017;0.291
Sweden ;"sptinc_p90p100_z_SE
Pre-tax national income 
Top 10% | share
";p90p100;2018;0.2879
Sweden ;"sptinc_p90p100_z_SE
Pre-tax national income 
Top 10% | share
";p90p100;2019;0.2988
Sweden ;"sptinc_p90p100_z_SE
Pre-tax national income 
Top 10% | share
";p90p100;2020;0.3187
Sweden ;"sptinc_p90p100_z_SE
Pre-tax national income 
Top 10% | share
";p90p100;2021;0.3177
Sweden ;"sptinc_p90p100_z_SE
Pre-tax national income 
Top 10% | share
";p90p100;2022;0.3156
Sweden ;"sptinc_p90p100_z_SE
Pre-tax national income 
Top 10% | share
";p90p100;2023;0.3042
Sweden ;"sptinc_p0p50_z_SE
Pre-tax national income 
Bottom 50% | share | adults | equal split
";p0p50;2012;0.2586
Sweden ;"sptinc_p0p50_z_SE
Pre-tax national income 
Bottom 50% | share | adults | equal split
";p0p50;2013;0.2557
Sweden ;"sptinc_p0p50_z_SE
Pre-tax national income 
Bottom 50% | share | adults | equal split
";p0p50;2014;0.2527
Sweden ;"sptinc_p0p50_z_SE
Pre-tax national income 
Bottom 50% | share | adults | equal split
";p0p50;2015;0.249
Sweden ;"sptinc_p0p50_z_SE
Pre-tax national income 
Bottom 50% | share | adults | equal split
";p0p50;2016;0.2567
Sweden ;"sptinc_p0p50_z_SE
Pre-tax national income 
Bottom 50% | share | adults | equal split
";p0p50;2017;0.2552
Sweden ;"sptinc_p0p50_z_SE
Pre-tax national income 
Bottom 50% | share | adults | equal split
";p0p50;2018;0.2545
Sweden ;"sptinc_p0p50_z_SE
Pre-tax national income 
Bottom 50% | share | adults | equal split
";p0p50;2019;0.2493
Sweden ;"sptinc_p0p50_z_SE
Pre-tax national income 
Bottom 50% | share | adults | equal split
";p0p50;2020;0.241
Sweden ;"sptinc_p0p50_z_SE
Pre-tax national income 
Bottom 50% | share | adults | equal split
";p0p50;2021;0.2402
Sweden ;"sptinc_p0p50_z_SE
Pre-tax national income 
Bottom 50% | share | adults | equal split
";p0p50;2022;0.2315
Sweden ;"sptinc_p0p50_z_SE
Pre-tax national income 
Bottom 50% | share | adults | equal split
";p0p50;2023;0.246
Sweden ;"sptinc_p99p100_z_SE
Pre-tax national income 
Top 1% | share
";p99p100;2012;0.095
Sweden ;"sptinc_p99p100_z_SE
Pre-tax national income 
Top 1% | share
";p99p100;2013;0.0948
Sweden ;"sptinc_p99p100_z_SE
Pre-tax national income 
Top 1% | share
";p99p100;2014;0.0938
Sweden ;"sptinc_p99p100_z_SE
Pre-tax national income 
Top 1% | share
";p99p100;2015;0.0995
Sweden ;"sptinc_p99p100_z_SE
Pre-tax national income 
Top 1% | share
";p99p100;2016;0.0875
Sweden ;"sptinc_p99p100_z_SE
Pre-tax national income 
Top 1% | share
";p99p100;2017;0.0921
Sweden ;"sptinc_p99p100_z_SE
Pre-tax national income 
Top 1% | share
";p99p100;2018;0.0906
Sweden ;"sptinc_p99p100_z_SE
Pre-tax national income 
Top 1% | share
";p99p100;2019;0.0991
Sweden ;"sptinc_p99p100_z_SE
Pre-tax national income 
Top 1% | share
";p99p100;2020;0.1156
Sweden ;"sptinc_p99p100_z_SE
Pre-tax national income 
Top 1% | share
";p99p100;2021;0.1186
Sweden ;"sptinc_p99p100_z_SE
Pre-tax national income 
Top 1% | share
";p99p100;2022;0.1146
Sweden ;"sptinc_p99p100_z_SE
Pre-tax national income 
Top 1% | share
";p99p100;2023;0.1075
Turkey ;"sptinc_p90p100_z_TR
Pre-tax national income 
Top 10% | share
";p90p100;2012;0.5052
Turkey ;"sptinc_p90p100_z_TR
Pre-tax national income 
Top 10% | share
";p90p100;2013;0.498
Turkey ;"sptinc_p90p100_z_TR
Pre-tax national income 
Top 10% | share
";p90p100;2014;0.5097
Turkey ;"sptinc_p90p100_z_TR
Pre-tax national income 
Top 10% | share
";p90p100;2015;0.5165000000000001
Turkey ;"sptinc_p90p100_z_TR
Pre-tax national income 
Top 10% | share
";p90p100;2016;0.5165000000000001
Turkey ;"sptinc_p90p100_z_TR
Pre-tax national income 
Top 10% | share
";p90p100;2017;0.5238
Turkey ;"sptinc_p90p100_z_TR
Pre-tax national income 
Top 10% | share
";p90p100;2018;0.5244
Turkey ;"sptinc_p90p100_z_TR
Pre-tax national income 
Top 10% | share
";p90p100;2019;0.5071
Turkey ;"sptinc_p90p100_z_TR
Pre-tax national income 
Top 10% | share
";p90p100;2020;0.5236000000000001
Turkey ;"sptinc_p90p100_z_TR
Pre-tax national income 
Top 10% | share
";p90p100;2021;0.5098
Turkey ;"sptinc_p90p100_z_TR
Pre-tax national income 
Top 10% | share
";p90p100;2022;0.5345
Turkey ;"sptinc_p90p100_z_TR
Pre-tax national income 
Top 10% | share
";p90p100;2023;0.5557
Turkey ;"sptinc_p0p50_z_TR
Pre-tax national income 
Bottom 50% | share | adults | equal split
";p0p50;2012;0.1622
Turkey ;"sptinc_p0p50_z_TR
Pre-tax national income 
Bottom 50% | share | adults | equal split
";p0p50;2013;0.1694
Turkey ;"sptinc_p0p50_z_TR
Pre-tax national income 
Bottom 50% | share | adults | equal split
";p0p50;2014;0.1571
Turkey ;"sptinc_p0p50_z_TR
Pre-tax national income 
Bottom 50% | share | adults | equal split
";p0p50;2015;0.1546
Turkey ;"sptinc_p0p50_z_TR
Pre-tax national income 
Bottom 50% | share | adults | equal split
";p0p50;2016;0.1568
Turkey ;"sptinc_p0p50_z_TR
Pre-tax national income 
Bottom 50% | share | adults | equal split
";p0p50;2017;0.1564
Turkey ;"sptinc_p0p50_z_TR
Pre-tax national income 
Bottom 50% | share | adults | equal split
";p0p50;2018;0.1546
Turkey ;"sptinc_p0p50_z_TR
Pre-tax national income 
Bottom 50% | share | adults | equal split
";p0p50;2019;0.1615
Turkey ;"sptinc_p0p50_z_TR
Pre-tax national income 
Bottom 50% | share | adults | equal split
";p0p50;2020;0.1536
Turkey ;"sptinc_p0p50_z_TR
Pre-tax national income 
Bottom 50% | share | adults | equal split
";p0p50;2021;0.159
Turkey ;"sptinc_p0p50_z_TR
Pre-tax national income 
Bottom 50% | share | adults | equal split
";p0p50;2022;0.1505
Turkey ;"sptinc_p0p50_z_TR
Pre-tax national income 
Bottom 50% | share | adults | equal split
";p0p50;2023;0.1407
Turkey ;"sptinc_p99p100_z_TR
Pre-tax national income 
Top 1% | share
";p99p100;2012;0.1914
Turkey ;"sptinc_p99p100_z_TR
Pre-tax national income 
Top 1% | share
";p99p100;2013;0.1815
Turkey ;"sptinc_p99p100_z_TR
Pre-tax national income 
Top 1% | share
";p99p100;2014;0.2018
Turkey ;"sptinc_p99p100_z_TR
Pre-tax national income 
Top 1% | share
";p99p100;2015;0.208
Turkey ;"sptinc_p99p100_z_TR
Pre-tax national income 
Top 1% | share
";p99p100;2016;0.1908
Turkey ;"sptinc_p99p100_z_TR
Pre-tax national income 
Top 1% | share
";p99p100;2017;0.2037
Turkey ;"sptinc_p99p100_z_TR
Pre-tax national income 
Top 1% | share
";p99p100;2018;0.2016
Turkey ;"sptinc_p99p100_z_TR
Pre-tax national income 
Top 1% | share
";p99p100;2019;0.1883
Turkey ;"sptinc_p99p100_z_TR
Pre-tax national income 
Top 1% | share
";p99p100;2020;0.2022
Turkey ;"sptinc_p99p100_z_TR
Pre-tax national income 
Top 1% | share
";p99p100;2021;0.186
Turkey ;"sptinc_p99p100_z_TR
Pre-tax national income 
Top 1% | share
";p99p100;2022;0.2194
Turkey ;"sptinc_p99p100_z_TR
Pre-tax national income 
Top 1% | share
";p99p100;2023;0.2395
